station name,venue id,venue name,venue address,venue latitude,venue longitude,venue categories
Nürnberger Straße,4c694a008e7c0f47862cdf0f,S+U Stuttgart Nürnberger Straße,Nürnberger Str.,48.804362915308346,9.235662341750006,Light Rail Station
Nürnberger Straße,4f3668a1e4b0aa62a107c15d,Agip Service Station,Nürnberger Straße 18,48.80581349,9.23337076,Gas Station
Nürnberger Straße,4c62a9097c9def3b4a81d31c,TOTAL Tankstelle,Nuernberger Str. 9,48.80604600100816,9.232759861461322,Gas Station
Nürnberger Straße,5190bfe4498e32e3e20a9c8a,Netto City Filiale,Memminger Str. 20,48.81050439,9.22958487,Supermarket
Nürnberger Straße,518920da498e0c6939ea0b60,Neckar Käpt'n,,48.808495947015906,9.234979641884301,Harbor / Marina
Nürnberger Straße,4c403e24e26920a1a48c5ce7,Amadeus Frisör,Nauheimerstrasse,48.805436,9.227753,Unknown
Nürnberger Straße,564b8a5b498e8e6a5eab93d8,Apotheke an der St. Anna-Klinik,Obere Waiblinger Str. 109,48.80701,9.23131,Unknown
Nürnberger Straße,4e180fd2ae6092c2764e5397,Polizeibrunnen,Lammgasse,48.80611173034863,9.229792658101989,Well
Nürnberger Straße,4efdec598231bcb701fbbc2e,Kinderzimmer OBW,Obere Waiblinger Straße,48.806768477474265,9.233792491963042,Comedy Club
Nürnberger Straße,503cd809ebcae00f93b0b159,Fahrrad Top Shop,Dennerstr. 62,48.80581061541132,9.229953289031982,Bike Shop
Leinfelden,4c17bfc96a21c9b68bfdc797,S+U Leinfelden,Bahnhofstr.,48.697052456999494,9.142839222410226,Light Rail Station
Leinfelden,53e1ef08498ea6b722c5fa28,Stuttgart Flughafen Bahnhof,,48.69160356734762,9.182186211705577,Train Station
Leinfelden,57bbf702498e66e49c3ec391,Exquisit Reinigung / Hermes Paketshop,Echterdinger Str. 15,48.692772,9.144605,Dry Cleaner
Leinfelden,4e8c83599a52f194de42f7f8,Gio's Pizza,Neuer Markt,48.69648522618232,9.142689022445037,Pizza Place
Leinfelden,4f856a77e4b062a5565a7c6a,Power Play Fitness,Daimlerstr. 4,48.69706280250725,9.144425702851398,Gym
Leinfelden,555901cb498e3f77d007e9ca,The One Thai Massage,Bahnhofstrasse 33,48.69694812189282,9.142026437558657,Massage Studio
Leinfelden,536b30b7498ede143cb03c94,Euchner GmbH & Co KG,Kohlhammerstr.16,48.69539944611034,9.145337773855774,Office
Leinfelden,4fcf61193ac6d9ec99037469,Lidl,Maybachstr. 10,48.70068269999999,9.1445987,Supermarket
Leinfelden,4de4ff692271bfb844d70955,Opel Staiger,,48.697297,9.143222,Auto Dealership
Leinfelden,5b46e5796e4650002c8aac35,Treiber Spezialitäten Bäckerei Konditorei,,48.697254,9.139513,Bakery
Höfingen,4c6c4c38a437224b3ef929b1,Lidl,Ditzinger Str. 79,48.817665,9.026800600000001,Supermarket
Höfingen,511ac864a629ec8f68cf3961,S Höfingen,Felsgartenstr.,48.81493739592205,9.025336499902643,Light Rail Station
Höfingen,4afb0dfcf964a520b01a22e3,S Leonberg,Bahnhofstr. 78,48.79944902562042,9.003790593336083,Light Rail Station
Höfingen,5d1b1d7a6d22da002f27a6d9,E aktiv markt Dörr,Ditzinger Str. 77,48.8176028,9.025578399999999,Supermarket
Höfingen,500427f2e4b00846b850161f,Kucher Steuerberater,Weinbergstraße 94,48.816002786193025,9.033753016660063,Financial or Legal Service
Höfingen,4b92ad2df964a5205b1034e3,Restaurant Monteleone,Schmalzstraße 4,48.803128,9.018363,Unknown
Höfingen,5c768b3b1543c7002c3b63fb,Volksbank Leonberg-Strohgäu eG -SB-Stelle Marktplatz-,Marktplatz 20,48.8015705,9.0154853,Bank
Höfingen,4dc2b76bd4c07da169fe5f14,Deutsche Bank Filiale,Marktplatz 1,48.80070302033211,9.01533326810545,Bank
Höfingen,51038a03e4b06b57c2dece3e,TBW Trophy Leonberg,Heimadingerstr.,48.8062359107034,9.013702922108264,Dance Studio
Höfingen,58ddf2e837318110dcf7b418,Bestattungshaus Haller,Seestr. 3,48.80050240000001,9.017210799999999,Unknown
Sommerrain,4dea0af11f6e3ddebdc0d268,Gruen-Weiss Sommerrain,Masurenstrasse,48.81438635256784,9.245681731453926,Athletics & Sports
Sommerrain,4c694a8b8e7c0f47c22ddf0f,S Stuttgart-Sommerrain,Sommerrainstr. 80,48.82056547006822,9.242499781088094,Light Rail Station
Sommerrain,508d160be4b0c35053cf8fa9,Gaststätte Sommerrain,Asternweg 1,48.81524042592254,9.247860979009314,German Restaurant
Sommerrain,4b98f195f964a520b45735e3,Dr. Sören Link,,48.815204,9.247639,Doctor's Office
Sommerrain,4f9ea413e4b04b5a6a0e2790,Cannstatter Pfeiler,Hofener Str.,48.81451535971682,9.225393533706665,Rock Climbing Spot
Sommerrain,597b12e64940bc3429f28fe2,Fellbacher Schnittrosen-Gärtnerei Peter Schwarzkopf,Stuttgarter Str. 115,48.8109453,9.2600011,Unknown
Sommerrain,56a24eb9498e0cf6c7377922,junited AUTOGLAS Stuttgart,Schmidener Str. 210C,48.81647258763167,9.237923908038214,Automotive Shop
Sommerrain,4df369c662e1288ed303b9d7,U Hauptfriedhof,Steinhaldenstr.,48.819043772681944,9.237205982208252,Metro Station
Sommerrain,4e8b31c802d540e452ba1cbf,U Obere Ziegelei,Schmidener Str.,48.81513868124057,9.235249165241315,Metro Station
Sommerrain,4b5c8746f964a520943429e3,Aral,Schmidener Str. 255,48.81969719,9.24340549,Gas Station
Malmsheim,4b992587f964a520ae6435e3,Flugplatz Malmsheim,,48.7737512986915,8.91450808690563,Unknown
Malmsheim,4de22de418385df2b01d0c2c,S Malmsheim,Calwer Str.,48.771893187955705,8.90541123440797,Light Rail Station
Malmsheim,54a14134498e55060a6e53af,Da Mimmo Ristorante Pizzeria,Schießrainweg 1,48.75425,8.8735,Pizza Place
Malmsheim,4f72a829e4b0257534354a5d,Vergölst,Benzstr.35,48.77653,8.921671300000014,Automotive Shop
Malmsheim,4ffa5f0ae4b0211bc4091076,Arbeit Malmsheim,,48.77428458256415,8.90765284077542,Doctor's Office
Malmsheim,4faa01c8e4b08f6085e7dc12,Praxis Dr. Kellermann,,48.775706841254284,8.914525508880615,Doctor's Office
Malmsheim,5472fe9f498ea81a484a1e32,Brunnen,,48.77960444934091,8.915781093239355,Well
Malmsheim,523a7b3311d21e706641fec8,Wörwag Pulverlacke,Dornierstraße 1,48.77650766331052,8.929393789910925,Factory
Malmsheim,4f625600e4b0c2e65806af7b,Schulturnhalle Malmsheim,Schulstraße,48.77754510985876,8.903560638427734,College Gym
Malmsheim,4f741e70e4b07e6962fb8efb,Zahnarzt Dr. Zähringer,"Calwer Straße 5, 71272 Renningen",48.77057471739473,8.902610962586861,Dentist's Office
Rutesheim,4f4a3e37e4b011fb7754946f,S Rutesheim,Bahnhofstr. 1,48.79031974897702,8.959976985963205,Light Rail Station
Rutesheim,4c1b91e055e4c9b62d834923,Weidacher Huette,,48.471108482793724,9.899899289326395,Hostel
Rutesheim,4ec2c9c40e01c7563d19a0f3,Nemrut Restaurant,"Römerstraße 66, 71229 Leonberg",48.788682022645816,8.979919549267006,Restaurant
Rutesheim,5d4e026fc0a77d0008c3f07d,Auto-Epple Erich Epple GmbH (Tankstelle Epple Rutesheim),Renningerstr.24,48.80732649999999,8.9419785,Gas Station
Rutesheim,5acf5b7c065ef5365920d897,Holzwerk Rutesheim,Loyernstr. 4,48.8067153,8.9434234,Hardware Store
Rutesheim,4c0a2add7e3fc928d224f382,EDEKA Mägerle,Gutenbergstr. 33,48.80682005796416,8.955192889735203,Supermarket
Rutesheim,4c6c4ef665eda093d38f4bd0,dm-drogerie markt,Dieselstraße 5,48.81166235998683,8.955911208800217,Drugstore
Rutesheim,4bdac6b12a3a0f47e7eeabb6,REWE,Benzstr. 5,48.77804662256042,8.934003445347033,Supermarket
Rutesheim,5de7051e336adc0008a1e9b7,EDEKA Karow & Sommer,Benzstr. 3,48.7782305,8.9336717,Supermarket
Rutesheim,4e677e63b9939a72b308098c,Lidl,Industriestr. 2,48.7773787,8.9362719,Supermarket
Weil der Stadt,4c867d0d2f1c236a25ab5d43,S Weil der Stadt,Am Bahnhof 1,48.75540119725737,8.872567339772148,Light Rail Station
Weil der Stadt,54a14134498e55060a6e53af,Da Mimmo Ristorante Pizzeria,Schießrainweg 1,48.75425,8.8735,Pizza Place
Weil der Stadt,508b5d15e4b00ac3c6c1414e,Eckert,"Bahnhofstr. 1, Im Bahnhof",48.75486,8.87241,Miscellaneous Shop
Weil der Stadt,4eaeb8b79911d5c951c81067,Buslinie 666 (Pforzheim - Tiefenbronn),,48.75504865515603,8.872635465786276,Bus Line
Weil der Stadt,5d50363f94130300089149d7,TEDi,Siemensstr. 3,48.75622362201191,8.868511046627077,Construction & Landscaping
Weil der Stadt,58f9c9bb9ec3990cbc1d8fa2,BayWa AG Weil der Stadt (Vertrieb Agrar),Eisenbahnstr. 13,48.75486,8.87069,Unknown
Weil der Stadt,5942abe993bd6343a63f2b93,Fressnapf Weil der Stadt,Merklinger Str. 30,48.75633699999999,8.8676395,Pet Store
Weil der Stadt,58b2fc1014f8f47dba62b59b,Narrenbrunnen,,48.750388,8.871486,Historic Site
Weil der Stadt,4e1863c26284ea7246f783e5,E-Center,Hermann-Schnaufer-Str. 7,48.74888826195651,8.872923339881366,Grocery Store
Weil der Stadt,51e815af498ee700f3729a17,PENNY,Hauptstraße 55,48.76321923384588,8.854753847832853,Supermarket
Bietigheim,4e1fd93fc65b2b5e35364be8,Bahnhof Bietigheim-Bissingen,Bahnhofsplatz 1,48.94812292038605,9.137019924565227,Train Station
Bietigheim,5044db3fe4b00690bbcda286,Gleis 7/8,,48.94773285853686,9.136797387071441,Platform
Bietigheim,57a82aec498e618a8b5b71dc,Valeo Schalter und Detektionssysteme,Laiernstr. 12,48.945899951377385,9.136612288449921,Office
Bietigheim,5008d8ebe4b0ffb332d23407,"Bietigheim-Bissingen, Gleis 5",,48.94826026039456,9.137153438548955,Platform
Bietigheim,504588eae4b0118370b69093,Gleis 10,,48.94767701359212,9.13676314923283,Platform
Bietigheim,4c1b16ce01379521f4d146f3,BackParadies Baumann GmbH Bäckerei - Konditorei,Bahnhofsplatz 3,48.948964,9.136298,Bakery
Bietigheim,52bc1ce6498e0438d88b4f3b,Adam's,Bahnhofsplatz 1,48.94887891764382,9.136800007055555,Bakery
Bietigheim,4e29210f2271752a459bd5cc,Packstation 107,,48.94782900104112,9.136774015848626,Shipping Store
Bietigheim,4c63c3474be3b713c48fede8,Strenger Rheuma Arzt,Bahnhofsplatz 2,48.9492103427834,9.136841562810122,Doctor's Office
Bietigheim,4d1b3c32c5f5b1f7cd27da36,Post Hauptstelle,Bahnhofstraße 169,48.94852246759678,9.135076238897597,Post Office
Kornwestheim,4b767d47f964a520b04e2ee3,Bahnhof Kornwestheim Pbf,Bahnhofstr. 85,48.86215975527713,9.180171489715574,Train Station
Kornwestheim,59e858b31cf2e17b2b7ab45f,Gleis 3,Pbf,48.862164,9.179775,Platform
Kornwestheim,521c847611d26a3b3189e606,Akademie Deutsche POP,Stammheimer Str. 10,48.861863309611046,9.17931318283081,General College & University
Kornwestheim,4e29161c1f6e88a154692845,Gleis 4,Bahnhof Pbf,48.86241614150328,9.180042966864026,Platform
Kornwestheim,59c27739a35dce28bfd0a3b6,Gleis 6/7,Pbf,48.86206,9.180218,Platform
Kornwestheim,4e52879ed4c075ade75c117c,Salamander,,48.77407603679473,9.174236052993058,Shoe Store
Kornwestheim,4c6f6dc8b3ce224bb70271c6,Güterbahnhof,,48.862273871713505,9.181531316064,Flea Market
Kornwestheim,5b9130baf5e9d7002c2c2e7f,Ayad Barbershop,Bahnhofsplatz 10,48.862066,9.18125,Salon / Barbershop
Kornwestheim,5883716c3cccc6572fff9445,Bahnhofsplatz,,48.862912,9.181799,Plaza
Kornwestheim,4d5e854be4fe54813cce689e,SALAMANDER Factory Outlet,Stammheimer Straße 10,48.86097927950839,9.1783106145081,Outlet Store
Neuwirtsh. (Porschep.),4b1c0f7af964a520750124e3,Porsche Museum,Porscheplatz 1,48.83453565988346,9.151869239376408,Museum
Neuwirtsh. (Porschep.),4b962166f964a520bbbd34e3,Porsche HQ,Porscheplatz 1,48.83472403813848,9.151268005371094,Factory
Neuwirtsh. (Porschep.),509b9d5ee4b059228d2d6c3a,Porsche Werk 5,Porscheplatz 1,48.83408575921293,9.147127241250738,Factory
Neuwirtsh. (Porschep.),4c3f1f46db3b1b8dab526695,S Neuwirtshaus (Porscheplatz),Porscheplatz,48.833805959640465,9.152190685272217,Light Rail Station
Neuwirtsh. (Porschep.),50744cbde4b090c6b62a3f98,Porscheplatz,Porscheplatz,48.834741117613305,9.151733609923351,Plaza
Neuwirtsh. (Porschep.),4c46ddeb96abd13a14e06e01,Indian Palace,Steinstr. 11,48.77374815715783,9.176473784770836,Indian Restaurant
Neuwirtsh. (Porschep.),4df9ced245dd2b6764bcc879,Post Stammheim,Marco-Polo-Weg 4,48.8337735,9.1543273,Post Office
Neuwirtsh. (Porschep.),511f51bbe4b02b37a1703224,Porsche Zentrum,Porscheplatz,48.83477228644478,9.151864181147698,Auto Dealership
Neuwirtsh. (Porschep.),5888df95110d0340cfb38429,Porsche Zentrum Stuttgart,Porscheplatz 9,48.8347469,9.151061634,Auto Dealership
Neuwirtsh. (Porschep.),4f8d811ae4b02aede06a1e26,Porsche Design Boutique,Porscheplatz,48.83454394946953,9.151942813425546,Design Studio
Benningen (N),51977db7498e4d7d9eafc05d,Römerkastell,,48.94391701050721,9.243994592822737,Historic Site
Benningen (N),5077c1b4e4b0801687b0e484,S Benningen (Neckar),Bahnhofstr. 16,48.94408583685707,9.243684028550526,Light Rail Station
Benningen (N),4f82e311e4b0ef209a71e531,La Scaletta,,48.94270032264971,9.23470360485231,Italian Restaurant
Benningen (N),51d13ccb498effd022cb41ce,Rathaus Benningen,,48.94437717957446,9.242320319520523,City Hall
Benningen (N),4c245270905a0f47d4a55f60,Frisör Pur,,48.945239,9.242333,Unknown
Benningen (N),4d57e27cde8f6dcb04ac0491,Literaturmuseum der Moderne LiMo,Schillerhöhe 8-10,48.93498326710909,9.255156731269658,Museum
Benningen (N),4f22c921e4b0008740993cfa,REWE,Grabenstraße 1,48.93900148043045,9.257868294477476,Supermarket
Benningen (N),4f103077e4b09e81d747b9b1,Deutsches Literaturarchiv Marbach,Schillerhöhe 8-10,48.93627246984767,9.256024360656738,Library
Benningen (N),5300abc2498e7d4d87cfc61d,Marbacher Sonnenbank,Bärengasse 4,48.93991250078161,9.256888031959534,Tanning Salon
Benningen (N),516ed3f8e4b09b7f94e6e3e3,Shell,Beethovenstraße 60,48.94006595,9.23833485,Gas Station
Freiberg (N),4c0a3c5c32daef3b97994b50,S Freiberg (Neckar),Bahnhofstr. 12,48.93003808617335,9.197208970704708,Light Rail Station
Freiberg (N),52721bc911d29169183146c6,Der Obere Beck,Wilhelm-Kopf-Str. 16,48.940303802490234,9.269081115722656,Bakery
Freiberg (N),576d1e70cd10a3710086ba1a,Das Schauwerk GmbH,Steinbeisstr. 8-10,48.92773,9.200170000000071,Event Service
Freiberg (N),4b82d826f964a520a8e830e3,REWE,Steinbeisstr. 7,48.927755,9.2016482,Supermarket
Freiberg (N),5442d995498e93a4b6f2e52d,Wirtschaft zur Traube,Kirchstr. 8,48.9308112721098,9.188756201318455,Modern European Restaurant
Freiberg (N),4ef0a4bb8b81e3067f692dc1,"Volksbank Ludwigsburg eG, Filiale Freiberg",Bahnhofstraße 12,48.93048911279389,9.199232034894566,Bank
Freiberg (N),4e03794bb0fb88a1209d8e06,Shell,Ludwigsburger Str. 93,48.92895279687217,9.202122975000533,Gas Station
Freiberg (N),4e2800acc65ba11f4c5772cb,ROFU Kinderland,Harteneckstraße 23,48.92469353186392,9.200979847331208,Toy / Game Store
Freiberg (N),527aa38911d2fe3650d62710,Skyline Autopflege und Reifenservice,Dieselstraße 4,48.92957910912826,9.200776442640416,Car Wash
Freiberg (N),527aa409498e27578473d829,Schweitzer-Chemie GmbH,Benzstr. 12,48.927770652536715,9.201793665209003,Miscellaneous Shop
Nellmersbach,5698e735498e1a88b09628c6,Metallux AG,Robert-Bosch-Str. 29,48.903121700563574,9.415086957854845,Miscellaneous Shop
Nellmersbach,4f291de4e4b09b0140518c1c,REWE,Maybachstraße 5,48.9012042,9.4175918,Supermarket
Nellmersbach,4e22b412a80968cf3e4cba04,S Nellmersbach,Bahnhofstr. 86,48.90296990148507,9.415202186267019,Light Rail Station
Nellmersbach,4eb0f47be5fab9eba252bc44,Emil Reimann Café,Maybachstraße 5,48.900863873255744,9.417631924598235,Bakery
Nellmersbach,50050c3ee4b0ec07e239ae18,Nellmersbach,,48.90039503078112,9.402866442866873,Plaza
Nellmersbach,56826931498e4513098cda8b,Brunnen Apotheke,Hauptstr. 1,48.887460000000004,9.39239,Pharmacy
Nellmersbach,4d6d012ee7ab224b336177f7,Opti Wohnwelt Föst,Donaustr. 1+8,48.914989,9.428679,Furniture / Home Store
Nellmersbach,4e6b96cb18381ea1be69264d,Burghotel Schöne Aussicht,Neuffenstr. 18,48.88103086086539,9.439828167734388,German Restaurant
Nellmersbach,5cbeb53b6adbf5002c289ce9,Kärcher Factory Outlet Winnenden,Marbacher Str. 22,48.88248,9.386711,Home Service
Nellmersbach,5dfba7f7300d150008db9d4a,TOTAL,Marbacher Str.,48.88257141,9.38690775,Gas Station
Neustadt-Hohenacker,4e6a3587483bf2d9e61e2cd6,S Neustadt-Hohenacker,Bahnhofsplatz 1,48.859127168186546,9.324985761611623,Light Rail Station
Neustadt-Hohenacker,518d0b32498e5e285932eb3d,Obenaus - Neustadt,,48.859611,9.327362,Shopping Mall
Neustadt-Hohenacker,4e280fe3c65ba11f4c5800a9,"ANDREAS STIHL AG & Co. KG, Werk 2",,48.85673378924253,9.32946407306109,Office
Neustadt-Hohenacker,5e51617afc76c30007a6edab,Ristorante Pizzeria Da Vito,,48.858451,9.325211,Pizza Place
Neustadt-Hohenacker,4e8298420aaff6729a57e1f4,Rockpub,Bahnhofstraße 32,48.85978913860754,9.324771367880464,Bar
Neustadt-Hohenacker,591e9ecc1cf2e109d503c71b,Dexl Raumausstattung Franz Dexl,Gottlieb-Daimler-Straße 5,48.85256,9.29823,Unknown
Neustadt-Hohenacker,5bdc0ed4e17910002b56524c,Netto Filiale,Benningerstr. 1,48.86534038,9.31673084,Supermarket
Neustadt-Hohenacker,52f08125498e145e7ace3bca,Medictrain,Friedrichstr. 33,48.8557427180877,9.293563241623119,Massage Studio
Neustadt-Hohenacker,4e257a31b61ceeea677b6943,Endress Motorgeräte GmbH,Neckarstr. 20,48.854854,9.294202,Other Repair Shop
Neustadt-Hohenacker,53ba95d3498e8b9d66206a9a,Maiers Hofladen,,48.86418533325195,9.311342239379883,Farmers Market
Schwaikheim,527b774f498ef2ccc48045c2,Volvo Krämer,Dammstrasse 2,48.868959045348255,9.361299558794185,Auto Dealership
Schwaikheim,4f3764ede4b0a1f196d8ba9f,S Schwaikheim,Fritz-Müller-Allee 4,48.86840096172525,9.354810529794614,Light Rail Station
Schwaikheim,4fc8e4b7e4b08eb1f59c61fa,Best Döner Kebap,,48.87234240505174,9.352984459327166,Doner Restaurant
Schwaikheim,5d45871868b7bc0008618946,Netto City Filiale,Ludwigsburger Str. 5,48.87465882,9.3508139,Supermarket
Schwaikheim,4bd1ec0d2572ce72145111ad,Hotel Le Village Winnenden,Max Eyth Strasse 41,48.87178652720729,9.381195002267301,Hotel
Schwaikheim,5c5208b7e4c459002c2d8778,Konz,Max-Eyth-Straße 48,48.87286811,9.38184318,Construction & Landscaping
Schwaikheim,4c9cf439604c76b057187d7b,Gasthaus Adler,Goethestraße 10,48.873836,9.353294,German Restaurant
Schwaikheim,4ba46b77f964a520359c38e3,Avia Tankstelle,,48.87376537322072,9.343246879676911,Gas Station
Schwaikheim,50d87e22e4b02e4088fc5289,Matthäus Gemeinde,,48.86569,9.351776,Church
Schwaikheim,50804874e4b0e24bb1db0f00,Shell,Waiblinger Str. 84,48.87253033,9.38698017,Gas Station
Stetten-Beinstein,4e8167b07ee6477bdbfc6049,S Stetten-Beinstein,Liedhornstr. 18,48.81187180145878,9.352155173294383,Light Rail Station
Stetten-Beinstein,507ab648e4b06fd3aa77041f,steybe,,48.814108,9.354434,Toy / Game Store
Stetten-Beinstein,57668d99498ec1d7f88f38d6,Rialto Brücke,,48.81737,9.348477,Bridge
Stetten-Beinstein,4fbbe41ae4b0e5d95c004c6c,"Weinstadt, Stuttgart",,48.81230214818463,9.364172317062778,Housing Development
Stetten-Beinstein,524eb416498ef210d4fc973a,Flying Grandma Service,Irisweg 2,48.81006036559919,9.352243623053903,Residential Building (Apartment / Condo)
Stetten-Beinstein,5238304711d29d06655495ed,Fischer Mühle,Muellergasse,48.810946336638395,9.364579714972267,Gourmet Shop
Stetten-Beinstein,4ed0f9d9e3007feb7e1f0c5c,Gassirunde Weinstadt,,48.811010697212005,9.351227047494621,Dog Run
Stetten-Beinstein,4c64e205f67ec9281f4f5627,S Endersbach,Bahnhofstr. 21,48.81323152287862,9.370235233005248,Light Rail Station
Stetten-Beinstein,4c77a43fd06b224bbaf3fed6,Rofu Kinderland,Kalkofenstraße 7,48.81441567313031,9.364447147785437,Toy / Game Store
Stetten-Beinstein,4c66a8b08e9120a1c66ed864,Alphatecc. Weinstadt,Kalkofenstr. 8,48.8144595,9.3601004,Hardware Store
Geradstetten,4c929339d84a6dcbbbda3587,S Geradstetten,Badstr. 12,48.805252386254956,9.439616203308105,Light Rail Station
Geradstetten,4d624ad2196ba09373a22e56,OIL! Tankstelle,Alfred-Klingele-Str. 10,48.806773,9.438722,Gas Station
Geradstetten,4d185ee125cda143bf3c7ed6,PENNY,Alfred-Klingele-Straße 1,48.805736516404174,9.439217189864962,Supermarket
Geradstetten,5deeab4c71441b0007e9fbad,La Fontana,,48.805696,9.440767,Italian Restaurant
Geradstetten,4e089f962271dfa46bb61020,RE 19462 Schorndorf - Stuttgart,,48.80514631625496,9.438220003754424,Unknown
Geradstetten,4c2a33e02219c9284eb9a248,Stegwiesenhalle Geradstetten,,48.80557715047173,9.441099690358254,College Stadium
Geradstetten,4c1dc7c3b489b71390a3a9c7,Freibad Geradstetten,Stegwiesenweg 5,48.80530891607253,9.441976547241211,Pool
Geradstetten,4e95d63593addf31e99eaf35,Smiling Faces - Proberaum,Stegwiesenweg,48.80440443134446,9.446310997009277,General Entertainment
Geradstetten,4f33ebcce4b0a3e722a0960f,Praxis für Zahnheilkunde,Rathhausstaße 4,48.809547,9.442602,Dentist's Office
Geradstetten,522e4b7793cd54873f90b39c,Freie Waldorfschule Engelberg,Rudolf-Steiner-Weg 4,48.79183557080084,9.467923157004911,General College & University
Grunbach,511ac865a629ec8f68cf3a04,S Grunbach,Bahnhofstr. 74,48.81057819990434,9.419375380690791,Light Rail Station
Grunbach,4ce7b9e3678aa0937514e4ea,Ristorante La Casa,Bahnhofstr. 75,48.810700317312005,9.41998560704289,Italian Restaurant
Grunbach,504e01e1e4b09a4432993043,Remshalden - Grunbach,,48.81956467887269,9.41907059388719,Vineyard
Grunbach,4c93ea996b35a143ff7816dc,Adastra,Strohstraße 13,48.74211636274781,9.309385467634504,Bar
Grunbach,4f33ebcce4b0a3e722a0960f,Praxis für Zahnheilkunde,Rathhausstaße 4,48.809547,9.442602,Dentist's Office
Grunbach,59070359c21cb14daab4bbd4,Mauz & Wauz GmbH,Bahnhofstr. 75/1,48.810949,9.420496,Office
Grunbach,4da74ea54b22cb9c5c20f62a,On The Train,,48.80931434808619,9.415612664761182,Unknown
Grunbach,4bd33243046076b0476a7571,Kultour In Der Fabrik,,48.81058752536774,9.420679807662964,Event Space
Grunbach,4c273b59905a0f47de8c6460,SV Remshalden,Rasenplatz,48.80533576011658,9.44400429725647,Unknown
Grunbach,4c73f6581b30a093ff4aeb09,KSK Geradstetten,,48.809571,9.443416,Unknown
Weiler (R),4d21bfd50901721efd3c9da5,Larca,Waiblinger Str. 60,48.8068902449753,9.508847485759798,Outdoor Supply Store
Weiler (R),5098dd01e4b01908113b9ef1,S Winterbach (b Schorndorf),Bahnhofstr. 1,48.798468603130885,9.481568619516475,Light Rail Station
Weiler (R),59da11292a7ab669b275761b,Hotel Himmelreich,"Stuttgarter Str. 77, 73614",48.804917,9.509876,Hotel
Weiler (R),5190a2bd498eb4804d460eeb,Burger Schloz Mercedes-Benz,Stuttgarter Straße 60,48.80553472060527,9.50951844467256,Auto Dealership
Weiler (R),50801da8e4b0efb1486184be,Weiler Metzgerei Fritz,,48.797744881649955,9.499374470867288,Food & Drink Shop
Weiler (R),4dd25dbb45dd9197faf346f6,Peter Hahn Filiale,Peter-Hahn-Platz 1,48.804614,9.485997,Women's Store
Weiler (R),4fd5e78ee4b04b44f56661a1,IMO Car Wash,Stuttgarter Str. 25,48.80527523935148,9.516512969328915,Car Wash
Weiler (R),516580dbe4b0132cf375d305,Raithle,,48.79911804199219,9.479541778564453,Men's Store
Weiler (R),4d67b553052ea1cd50759d49,Aral,,48.805963,9.515203,Unknown
Weiler (R),511a6ab4759629b506189146,Autohaus Walter Mulfinger GmbH,Siechenfeldstr. 28,48.806800271764466,9.515568280714147,Auto Dealership
Winterbach,5098dd01e4b01908113b9ef1,S Winterbach (b Schorndorf),Bahnhofstr. 1,48.798468603130885,9.481568619516475,Light Rail Station
Winterbach,522e4b7793cd54873f90b39c,Freie Waldorfschule Engelberg,Rudolf-Steiner-Weg 4,48.79183557080084,9.467923157004911,General College & University
Winterbach,526997ff11d239b246e72103,Café Volapük,Bahnhofstr. 13,48.798701025313605,9.480889564407262,Café
Winterbach,4d0c72b1eea9b60c108d583f,Bäckerei Hetzinger,,48.799631424334336,9.479294013840633,Bakery
Winterbach,4ea3d4bc5c5cd12b363a7e11,Bäckerei Maurer,,48.798798407782265,9.479294013840633,Bakery
Winterbach,4dc1772b7d8bf48713c3042f,Rathaus Winterbach,,48.797249878170234,9.479209873654064,Government Building
Winterbach,4dd25dbb45dd9197faf346f6,Peter Hahn Filiale,Peter-Hahn-Platz 1,48.804614,9.485997,Women's Store
Winterbach,568e6b9e498e1601e43c3e88,S Schorndorf/Weiler-Rems,,48.79845210189247,9.481802915598939,Light Rail Station
Winterbach,5013d27ce4b0cfd78ab674f5,Kirche Winterbach,,48.798877819744156,9.480608311291938,Church
Winterbach,4ea3d51b9911214fd1686132,Michaelis Apotheke,,48.79930890895061,9.479049445342087,Pharmacy
Altbach,52462835498e71162c6eacd5,Bahnhof Altbach,,48.72075699012435,9.382175820029264,Platform
Altbach,4ceb5e03e888f04d8e2d526b,S Altbach,Bahnhofstr. 1,48.72031513346037,9.38256025314331,Light Rail Station
Altbach,4d5abebd8492a14326293727,Lidl,Kieswiesen 16,48.71850498413021,9.380900323897094,Supermarket
Altbach,50981d8be4b09283715877b7,AS Market,,48.72118144222812,9.38218675020308,Department Store
Altbach,52ff0f5f498e312019b8a863,Hair & Style,Kelterstr. 21,48.72401335249384,9.381119906902313,Salon / Barbershop
Altbach,4e1ad02aae6092c27667b097,ALDI SÜD,Kieswiesen 18,48.71822030374295,9.383245783857433,Supermarket
Altbach,59de4e1995d986708e4a76d7,expert Techno-Land GmbH,Sirnauer Str. 56,48.7149872,9.3732093,Unknown
Altbach,55e49ffe498eb05c65b7fe7d,Aral,Esslinger Str. 43,48.723648,9.37775589,Gas Station
Altbach,50d3309fe4b005750b274ce7,dm-drogerie markt,Kieswiesen 18,48.71814792150415,9.382351093254101,Drugstore
Altbach,4e5a210718388cd5cbac83ee,Schießhaus Altbach,In der Hart 1,48.72127146279236,9.383601307165623,German Restaurant
Mettingen,4dc93d1e7d8bfc509059576d,S Esslingen-Mettingen,Cannstatter Str. 61,48.74697227635186,9.27573318899185,Light Rail Station
Mettingen,5f4825fe5c783a0b4b8ebfb9,Neckastüble,,48.747693,9.27644,Pub
Mettingen,4dee3965e4cd032b189cd1e8,Zahnarztpraxis Kraemer,Cannstatter Straße 60,48.747069481597514,9.275647867826358,Dentist's Office
Mettingen,51a0c8ae498e5fd3ea0accc6,Liebfrauenkirche - Evangelische Kirchengemeinde Esslingen-Mettingen,Schenkenbergstraße 68,48.746761606130455,9.278457915385161,Church
Mettingen,4cc98d4bd54fa1cd54233829,Judo KSV Esslingen 1894 e.V.,Auenweg 21,48.74570925379067,9.273919187672636,Gym / Fitness Center
Mettingen,56cf490fcd109cb42fc9d7fe,Apollo,Weilstr. 227,48.74126221659997,9.269118905067444,Optical Shop
Mettingen,4d7901dcd7edb60c7407fe1a,Another Döner Kebab Shop,,48.749217,9.276071,Turkish Restaurant
Mettingen,4e7472071f6e072f1335be7a,Kreissparkasse Filiale Mettingen,,48.74867462161419,9.276164148752772,Bank
Mettingen,4cd68bee7da9a35de621f0b9,Schlemmertöpfle,Max-Eyth-Straße 10,48.74161646174589,9.275255406131908,German Restaurant
Mettingen,50bcc9b3e4b0efcb4c920301,Nahkauf,Obertuerkheimer Str. 5,48.74977860835162,9.275717363924633,Supermarket
Oberesslingen,4b65809bf964a52096f22ae3,S Oberesslingen,Ulmer Str. 75,48.7301495698253,9.327366105942138,Light Rail Station
Oberesslingen,55f94c7e498eae76adc09c2b,KFZ-Technik Benski&Möller,Fritz-Müller-Str. 1,48.72983,9.326047399999993,Automotive Shop
Oberesslingen,56ebe7a7498e1bc48b6720ba,Fatih Moschee,Fritz-Müller-Straße 1,48.729725,9.325744,Mosque
Oberesslingen,557bd272498e7945dcf8dea5,Packstation 123,,48.73096443456436,9.32761235812082,Shipping Store
Oberesslingen,4bb4be3ea70595214c9a1bce,Esso,Ulmer Str,48.730020186780294,9.329412337631252,Gas Station
Oberesslingen,5656ba8e498eb4820a3f4d6b,EDEKA Sigel,Plochinger Str. 115,48.73096746,9.33072406,Supermarket
Oberesslingen,5102aa00e4b02714c5d07866,IMO Car Wash,Ulmer Str. 38/1,48.732996107188065,9.320723768105495,Car Wash
Oberesslingen,4ea110d8490102dac2076441,Hotel Rosenau,,48.733453137595205,9.32544983096666,Hotel
Oberesslingen,536e0c31498e3a58b47b5d20,A.T.U Esslingen,Ulmer Straße 48,48.73205,9.322535,Automotive Shop
Oberesslingen,55028992498ec8482e8370b1,Autohaus Bebion,Rennstr. 28,48.73091623372668,9.322235770653098,Auto Dealership
Zell,4df0d4fa227193bb466cf2da,S Esslingen-Zell,Hauptstr. 100,48.724638049570366,9.359599566998078,Light Rail Station
Zell,4d0cbe02903d3704a03abf55,Michael's Hairstyle Deluxe,Hauptstr.,48.72504,9.35953,Salon / Barbershop
Zell,53e27506498eea3dcef53e32,Kebabhaus 3s,Hauptstraße 106,48.724910736083984,9.36026382446289,Doner Restaurant
Zell,4ed284aee5faa5ec05535601,Grundschule Zell,,48.72457536326318,9.359351682202059,General College & University
Zell,50235563e4b00d9a1e057f1f,Hotel Zeller Zehnt,Hauptstr. 97,48.72490188032458,9.359557525211018,Hotel
Zell,4beb309761aca5931abf8400,D'vine,Mettinger Str.,48.72437,9.36006,Nightclub
Zell,5170e2d2498e13e65e12ce05,Zeller Backstube,,48.72486037471785,9.361952679064034,Bakery
Zell,4bd956812e6f0f47e4470a08,Rhenus Logistics,Körschtalstraße 100,48.724515,9.349267,Office
Zell,4bc036c4b492d13a0104a460,HORNBACH,Dornierstraße 39,48.71568046654357,9.356866286268541,Hardware Store
Zell,52fc9256498efb9a688e8fcd,Autohaus Motz GmbH & Co. KG,Esslinger Straße 9,48.7252619,9.3727547,Auto Dealership
Filderstadt,4eccc71629c263bcc74ead0c,Apotheke am Bahnhof,Karlstraße 20,48.676197099999996,9.2187194,Pharmacy
Filderstadt,50412278e4b0152f5776fbd9,Hotel Aristo,Karlstr. 2,48.676331308884016,9.217680330543551,Hotel
Filderstadt,4c16684e8aedd13a11035237,REWE,Karlstraße 62,48.676666409703195,9.22353253009419,Supermarket
Filderstadt,4dd3d6cec65b69f93634342d,Eiscafe Karma,Filderbahnstraße 10,48.676356370335945,9.217411289379603,Café
Filderstadt,50225c7ce4b013ec09224933,Bernhausen Bahnhof,Filderbahnstr.,48.676595100356444,9.218192717024936,Bus Station
Filderstadt,4ed27236cc219860f9de5ca3,Hotel Merlin Fildern,Aicher Str. 46,48.6749164,9.217344899999999,Hotel
Filderstadt,50255441e4b070630d6fa941,Bahnhöfle,,48.676895,9.217581,Pub
Filderstadt,4dc239bc22717802a72335b6,Sternenbäck,,48.676586,9.2186985,Bakery
Filderstadt,4ed4a470f790888b53b3be5e,Garni Hotel Schumacher,Volmarstr. 19,48.677080162994606,9.218043584165342,Unknown
Filderstadt,4fafcf92e4b0e047b27bb8e5,Eiscafé Eisbär,Volmarstr. 15,48.67767029663866,9.218040769959265,Ice Cream Shop
Flughafen/Messe,4bd29c57a8b3a593a14e685f,Terminal 1,STR Airport,48.689954691261626,9.19278860092163,Airport Terminal
Flughafen/Messe,4b1ce09ff964a520330a24e3,S Flughafen/Messe,STR Airport,48.69033949936902,9.192779186434153,Light Rail Station
Flughafen/Messe,4b1ccba5f964a520cb0924e3,Stuttgart Manfred Rommel Airport (STR) (Stuttgart Airport Manfred Rommel),Flughafenstr. 32,48.69045046121195,9.19476270675659,Airport
Flughafen/Messe,4b962bc5f964a52041bf34e3,San Francisco Coffee Company,Stuttgart Airport,48.690435208390134,9.192882840228268,Coffee Shop
Flughafen/Messe,518fc7b8498e6e9dfe32ee97,Turkish Airlines Airport Office,,48.68970934965224,9.192054188623414,Office
Flughafen/Messe,51eab4a5498ec4ccf7c7ccd8,Baggage Claim,Terminal 1,48.69033649404149,9.192780291322194,Baggage Claim
Flughafen/Messe,5033f8147e279f8eabb82dee,SIXT rent a car,Flughafenstr. 43/MWZ,48.69202282714895,9.191412530810732,Rental Car Location
Flughafen/Messe,51b0b1fc498e6b713eeaecc5,Red Baron,Terminal 1,48.690181321051625,9.192751403313304,German Restaurant
Flughafen/Messe,4fe88ccae4b0fa7dce15c4fb,Modernasia,Flughafenstr.,48.690375007995414,9.1925824328186,Asian Restaurant
Flughafen/Messe,531974d9498eb602eb11d087,PICARD,,48.690323214299404,9.192719772894845,Boutique
Oberaichen,4d26b153342d6dcb6a3de6ca,S Oberaichen,Rohrer Str.,48.70553168765858,9.126987496851875,Light Rail Station
Oberaichen,57b312aa498e2439e17074fa,Bäckerei Donner,Rohrer Str. 105-107,48.705693358328176,9.124998450279236,Bakery
Oberaichen,5cf59fd0c03635002cd8d8b4,Hotel Restaurant Maestral,Raiffeisen str. 8.,48.70581,9.127134,Hotel
Oberaichen,4fc4fc95e4b083001890cb40,Max Your Hairstyle,,48.77183704532068,9.17311958566254,Salon / Barbershop
Oberaichen,52a5f229498e76d7512008ae,Kampfsportzentrum Schmid,Schulze-Delitzsch-Str. 2,48.706199645996094,9.127431869506836,Athletics & Sports
Oberaichen,4d4438501ed56dcb88b2ac54,Reno,Adlerstr. 8,48.704876425051154,9.144268519538107,Shoe Store
Oberaichen,5a0b2d3916fa043151bc8779,Zahnarztpraxis Zahnix - Dr. Med. Dent. Joachim Stapf,Max-Lang-Straße 72,48.70359,9.1437025,Dentist's Office
Oberaichen,5fa42da7dcbc7c02d71dab5c,SYNO Consulting Group AG,Wilhelm-Haas-Str. 6,48.7053154,9.1280183,Mobile Phone Shop
Oberaichen,50885497e4b0280e50953f1f,BGHW,,48.70395188270036,9.127422769095364,General College & University
Oberaichen,530b9558498e855146247e96,Ristorante Pavarotti,Rohrer Straße 102,48.70592034837361,9.125673916220252,Italian Restaurant
Weilimdorf Bf,4d027022d166a143ba484482,S Stuttgart-Weilimdorf,Mittlerer Pfad 27,48.822071597176866,9.094577516940225,Light Rail Station
Weilimdorf Bf,4bd5cca65631c9b6ffb8a430,Holiday Inn,Mittlerer Pfad 25-27,48.8213999,9.0939572,Hotel
Weilimdorf Bf,52529adb11d2a4ea94c6938f,G.B. Bäckerservice,Ingersheimer Str. 12,48.82069535201616,9.096592417817687,Bakery
Weilimdorf Bf,57336fe4498e28db34d83ffa,Scirocco,Mittlerer Pfad 25-27,48.821305,9.094387,Hotel Bar
Weilimdorf Bf,4e5400fcaeb74b74581e620f,Ristorante Italiani,Ingersheimer Str. 12,48.82262041195786,9.094152706080965,Italian Restaurant
Weilimdorf Bf,5088ce8ae4b08e1817ab4315,Katz,,48.820953068350185,9.095497258195579,Bakery
Weilimdorf Bf,5af00a29603d2a002d2e5689,Dr. Ing. h.c. F. Porsche AG,Mittlerer Pfad 15,48.820532,9.094932,Building
Weilimdorf Bf,5bfb8d5fad910e002c597283,Mini Gym,Mittlerer Pfad 25-27,48.821278,9.094337,Gym / Fitness Center
Weilimdorf Bf,5bd1a03335811b0039a607aa,Burger Potato,Ingelsheimerstr 5,48.82226,9.095491,Burger Joint
Weilimdorf Bf,4da59ff21e726e49695fe65b,VPV Versicherungen,Mittlerer Pfad 19,48.82052796125701,9.09394408567563,Insurance Office
Süd,5280d92c11d2bbc53df67f7c,S Renningen Süd,Am Pfarrtor,48.76315661309902,8.93224299113241,Light Rail Station
Süd,5b48c797c0af57002cb03ec7,Subway,Weil der Städter Straße 51,48.76093171011195,8.9308867410698,Sandwich Place
Süd,525ed18111d2ed7a6170257d,REWE,Weil der Städter Str. 55,48.761768406319334,8.93142526198858,Supermarket
Süd,4ff9c6abe4b0a7f741b44001,Bolzplatz Renningen,,48.761503915948445,8.93202046281439,Other Great Outdoors
Süd,55b8cc74498e647f5c0bf06c,Restaurant Lutz,Rankbachstr. 49,48.7689809,8.928377599999976,Miscellaneous Shop
Süd,57337e9f498e00d0a9d70351,Hotel zur Schwaben-Schänke,Weil der Städter Str. 49,48.76145,8.930972,Hotel
Süd,5740921b498e011424ece5db,Bäckerei Sehne,,48.761474,8.931998,Bakery
Süd,51e043b2498e1abc8094bcde,Stegwiesenhalle Renningen,,48.76192855834961,8.93399715423584,General Entertainment
Süd,5d164ff0c195980023b968df,Restaurant Schwaben-Schänke De Angelo,Weil der Städter Str. 45,48.761757,8.93088,Italian Restaurant
Süd,4ccae9569b934688bca55141,Avia Tankstelle,,48.760643191926555,8.931741138120564,Gas Station
Magstadt,4e5b318945dd705592ad9bc5,Arlt Computer Produkte GmbH Zentrale,Hindenburgstr 8,48.73601675033569,8.966302871704102,Building
Magstadt,542ec5a3498e839d724519cb,S Maichingen Nord,Stuttgarter Str.,48.73701623009552,8.963370489383141,Light Rail Station
Magstadt,519cedea498e65b729f8c369,S Magstadt,Hindenburgstr. 1,48.73648930920301,8.96519501220362,Light Rail Station
Magstadt,4f92ebf1e4b0aa82470302a6,ASV Grünwettersbach,,48.956573946469256,8.46995728460466,German Restaurant
Magstadt,4d43d4be2e326ea8f7e6dda6,Schwarzwaldhalle Birkenfeld,,48.87362750316425,8.636204749989284,College Auditorium
Magstadt,4dc4eb5a7d8b14fb461d8ff8,Autohaus Bebion Magstadt,Hutwiesenstr. 23,48.742199605842224,8.963447313817264,Auto Dealership
Magstadt,55e4a001498eb05c65b85544,Aral,Hohbergerstr. 19,48.738495,8.96624,Gas Station
Magstadt,4fa91b9ae4b02c573a91e4eb,K&M Elektronik Magstadt,,48.74463332054972,8.968477906234739,Electronics Store
Magstadt,4cb434dec5e6a1cd8931f1f6,SAI GON,Sindelfinger Straße 7,48.72593437004946,8.967766421410296,Asian Restaurant
Magstadt,4fa91791e4b0653e492d2701,Aral,Blumenstraße 39,48.74490152,8.97116832,Gas Station
Nord,57bdac72498e652a692e10a4,Klauss Getränkehandel,,48.727038,8.976275,Liquor Store
Nord,52f62c7011d204735508a604,S Maichingen Nord,,48.72735036363241,8.97932767868042,Light Rail Station
Nord,583bee962a19825c0608f506,Gesundheitshaus imPuls GbR,Otto-Hahn-Str. 23,48.7275492,8.977320200000008,Doctor's Office
Nord,542ec5a3498e839d724519cb,S Maichingen Nord,Stuttgarter Str.,48.73701623009552,8.963370489383141,Light Rail Station
Nord,55e4a001498eb05c65b85544,Aral,Hohbergerstr. 19,48.738495,8.96624,Gas Station
Nord,54c9d52c498e9126faf33f2c,Silberform Headquarters,Robert Bosch Str.,48.730467510452186,9.003088475942395,Office
Nord,4cb434dec5e6a1cd8931f1f6,SAI GON,Sindelfinger Straße 7,48.72593437004946,8.967766421410296,Asian Restaurant
Nord,4b7ff427f964a520a74630e3,JJ's Sportsbar,,48.735898,8.969652,Unknown
Nord,4c8743fdd8086dcb1fcba052,Glaspalast,Rudolf-Harbig-Str. 10,48.71581125646027,8.98390071778833,Event Space
Nord,4fe59b7be4b0dceaf892d7a5,Eiscafé Bounissimi,Sindelfinger Str. 33,48.722524410904434,8.966800059793822,Ice Cream Shop
Maichingen,4c5bbdbd2815c928eb44b067,S Maichingen,Talstr.,48.72205814198004,8.96968945093926,Light Rail Station
Maichingen,523ef96e11d215e4ad52d35e,Ingrids - einfach genießen,Schlüsseläckerplatz 3,48.72231112992899,8.970311662552113,Café
Maichingen,4de8ec9fd22d09215a282d9c,Vietz,,48.721779,8.969423,Food & Drink Shop
Maichingen,58f0cbf7ee628b771f11727b,REWE,Talstraße 61,48.72136876,8.96923924,Supermarket
Maichingen,55e4a001498eb05c65b85544,Aral,Hohbergerstr. 19,48.738495,8.96624,Gas Station
Maichingen,506d3288e4b0666b52a4c6be,Kindergarten Kleines Zelgle,,48.725439616297386,8.970553042129527,Daycare
Maichingen,542ec5a3498e839d724519cb,S Maichingen Nord,Stuttgarter Str.,48.73701623009552,8.963370489383141,Light Rail Station
Maichingen,4fe59b7be4b0dceaf892d7a5,Eiscafé Bounissimi,Sindelfinger Str. 33,48.722524410904434,8.966800059793822,Ice Cream Shop
Maichingen,4bce94ffb6c49c7485769791,Doettling Headquarter,Laurentiusstrasse 18,48.7164469,8.965989,Office
Maichingen,511b96cae4b028f8d5ae7956,TSWA Team Strunz Werbeagentur,Friedenstrasse 11,48.72397599239029,8.967536019361553,Advertising Agency
Sindelfingen,4ef05b708b81e3067f136227,S Sindelfingen,Hans-Martin-Schleyer-Str. 9,48.70399885955355,8.99943661366937,Light Rail Station
Sindelfingen,4cfae7c920fe3704a2ad50f8,Alpenmax,Mercedesstr. 12,48.70412486546958,8.999339710581712,Nightclub
Sindelfingen,5b72f5df345cbe0039d10919,Bistro S60,,48.704034,8.999291,Bistro
Sindelfingen,4bd5b9a19649ce726e93511d,Erikson Hotel,Hanns-Martin-Schleyer-Str. 8,48.70392607089397,9.00067388528044,Hotel
Sindelfingen,511241c6e4b0eb359fd0619e,NORDSEE,Stern-Center 12,48.70610735,8.99894126,Seafood Restaurant
Sindelfingen,4c03e252310fc9b60676c661,Neckarmüller,Gartenstraße 4,48.519324,9.058841,German Restaurant
Sindelfingen,4e7cd6152c5ba36a8472c353,Agip Service Station,Hanns-Martin-Schleyer-Straße 1,48.70359821,9.00146859,Gas Station
Sindelfingen,50ba443fe4b01cb32b0caa81,ALDI SÜD,,48.705959339510926,8.99992576615226,Supermarket
Sindelfingen,4f9c1aa7e4b0d04dc05856bb,Casino Royal,Bahnhofstr. 42,48.7038,9.0022,Arcade
Sindelfingen,5f6f2c377d052043ea244fdb,Bluebrixx,,48.70574,8.999465,Toy / Game Store
Goldberg,4b908f57f964a5200b9033e3,S Goldberg,Leibnitzstr. 1,48.69689667847109,9.020100318238928,Light Rail Station
Goldberg,5bd97384dd70c5002c813705,Eckert Schulen Sindelfingen,Tilsiter Str. 4-6,48.70238879999999,9.027018199999999,Private School
Goldberg,59dcd1406fa81f4616767549,Decathlon Böblingen,"Wolfgang-Brumme-Allee 27, Einkaufswelt Mercaden",48.6871174,9.006535,Sporting Goods Shop
Goldberg,4e7cfe5b02d5d401c711cbc3,Die Drei,Tilsiter Str. 12,48.70250238929325,9.029486764329508,Pool Hall
Goldberg,50546f87e4b084591522faf6,Kunstrasenplatz Böblingen,Silberweg 18,48.69620386850371,9.021245241165161,Soccer Field
Goldberg,5c41e320bcbf7a002c5f6770,Hotel Stuttgart Sindelfingen City by Tulip Inn,Waldenbucher Straße 44,48.697906,9.019086,Hotel
Goldberg,51f63277498e76b17f6b1140,P&R Leibnitzstrasse,,48.696673,9.019536,General Travel
Goldberg,4d809880360b224bca5cdc56,Dream-Bowl,Leibnizstr. 18,48.69578369032238,9.017105077741794,Bowling Alley
Goldberg,5be2e3834940bc002c35be41,DRIVER CENTER SINDELFINGEN - DRIVER REIFEN UND KFZ-TECHNIK GMBH,Tilsiter Str. 2,48.702333,9.026855,Automotive Shop
Goldberg,5683c5df498e63dd44333c03,Dehner Zoo,Eschenbrünnlestraße 12,48.70253623,9.02499266,Garden Center
Erdmannhausen,511ac865a629ec8f68cf39ca,S Erdmannhausen,Bahnhofstr. 68,48.94799667527299,9.29919685202685,Light Rail Station
Erdmannhausen,5aef00b5e57ca6002c131304,Brezel Museum,,48.944927,9.296872,Museum
Erdmannhausen,5a018928cad1b6437f87c00b,Fressnapf Marbach,Rielingshäuser Str. 11,48.9427709,9.2657733,Pet Store
Erdmannhausen,4d39a9be039eb60c4ef4e39c,Kaufland,Rielingshäuser Str. 15,48.94273088976246,9.26395850685237,Big Box Store
Erdmannhausen,510e5a54e4b00568339f8ffb,Wasserberg,,48.939920509330015,9.276650322669086,Mountain
Erdmannhausen,4c35b4666f1fef3bdd29ed3d,S Marbach (Neckar),Bahnhofstr. 13,48.943354391691265,9.264393189602345,Light Rail Station
Erdmannhausen,4e1da1f114955b99c4184af6,S Kirchberg (Murr),Bahnhofstr. 94,48.939063301428995,9.329227209091187,Light Rail Station
Erdmannhausen,4f955708e4b0aed820f2d522,Lidl,Rielingshäuser Str. 37,48.94449579,9.27031031,Supermarket
Erdmannhausen,5c17d8fef1fdaf002cc22093,AOK Baden-Württemberg,Hermann-Hesse-Str. 9,48.940199,9.26318,Miscellaneous Shop
Erdmannhausen,511a6ab4759629b50618903c,Ditting Autohandelsgesellschaft mbH,Kleinbottwarer Str. 58,48.968962855266,9.281972408721,Auto Dealership
Beutelsbach,4c4a9474f7cc1b8d16939a3e,S Beutelsbach,Oberlinstr.1,48.81027972708286,9.386084238271366,Light Rail Station
Beutelsbach,51e15c95498e52c6260c6700,REWE,Daimlerstr. 9,48.811349069035906,9.383246898651123,Liquor Store
Beutelsbach,4e574f65b61cd5f2c0def5ee,Aral,Stuttgarter Str. 67,48.805277,9.382031,Gas Station
Beutelsbach,51ab4171498e5a9d45f70c7f,Erdbeerfest,,48.81042,9.386768,General Entertainment
Beutelsbach,4e1afe9bc65bf3eedbf21a78,Kinderhaus am Sonnenhang,,48.809904,9.383448,General College & University
Beutelsbach,4da67c2a4df0c49b0317408f,ITT Cannon,Cannonstrasse,48.81144383542447,9.38548074349058,Building
Beutelsbach,511cee46e4b030654acaee92,IMO Car Wash,Bruckwiesenstr. 1,48.81400160292593,9.384731265047094,Car Wash
Beutelsbach,4c8b7e753dc2a1cd2389b632,Lidl,Großheppacher Str. 70,48.8140685,9.377369,Supermarket
Beutelsbach,4c77d6f6a5676dcbf7d41921,Big Brother,,48.810694,9.38655,Unknown
Beutelsbach,4f92f1b3e4b04c0c9ebb6645,Weingut Bernhard Ellwanger,Rebenstrasse 9,48.820033,9.389738,Vineyard
Kirchheim (T),4cc05e21575d236a2e2fc48e,Bahnhof Kirchheim (Teck),Eugen-Gerstenmaier-Platz 1,48.644581504975285,9.443765582611514,Train Station
Kirchheim (T),4cbfe327a0c4f04da6b25731,ZOB Kirchheim unter Teck,Eugen-Gerstenmaier-Platz 1,48.644417716090764,9.443903806973692,Bus Station
Kirchheim (T),5e1d6ccbb840800008ef4d93,Radstation am Bahnhof,Eugen Gerstenmaier Platz 3,48.644581,9.443163,Bike Shop
Kirchheim (T),5cb98e4fb9ac38002c5ed899,Spielplatz Im Nägelestal,,48.643302,9.444564,Playground
Kirchheim (T),50942577e4b09d8b5dee0a0b,Imperial Bahnhofskneipe,,48.644596,9.443994,Bar
Kirchheim (T),527207e811d24b9c4b36e8b0,AOK-Die Gesundheitskasse,,48.64477085124029,9.442441730897853,Financial or Legal Service
Kirchheim (T),5dc447c5ba0eb30008887601,Bäckerei sehne,,48.644352,9.443826,Bakery
Kirchheim (T),503fbd0b7e2752ec471b55a6,Rossmann,Kolbstr. 12,48.64688,9.44577,Drugstore
Kirchheim (T),5a4aab2f002f4c20b350eb67,Flixbus Haltestelle,,48.6453,9.443843,Bus Stop
Kirchheim (T),5191d7a6498eb1c3df0b564a,Alleenschule,,48.64484171222172,9.444627387998349,General College & University
Wernau (N),4df0d2e37d8ba370a010d9b5,Bahnhof Wernau (Neckar),Bahnhofsplatz 2,48.69411520445342,9.41358192213563,Train Station
Wernau (N),4cd3fce3d160b1f730bd26ab,Eisstadion Wernau,Stadionweg 12,48.69490881434868,9.4100502503515,Skating Rink
Wernau (N),4eef7950e5faa560f3796302,Lidl,Gottlieb-Wolfer-Str. 11,48.69595672066887,9.415494024769941,Supermarket
Wernau (N),56ebc32e498e3584c313b770,Zahnarzt Dr. Martin,Wernau,48.69383829039899,9.414226863495353,Dentist's Office
Wernau (N),50c3a810e4b0b83e092e5fa7,Bistro Bajazzo,,48.693736,9.414274,Bar
Wernau (N),4fb6794ee4b07f06a7ac7447,Angelos' Sportcenter,Langestr.10,48.69587947162714,9.411093023483689,Martial Arts School
Wernau (N),4ec4ccd677c8d69510f2262c,Fitness Oase,,48.69699924421485,9.411947999388026,Gym
Wernau (N),4f718b38e4b068eb3de424e4,EDEKA Unverricht,Esslinger Str. 3,48.6970879,9.4115209,Supermarket
Wernau (N),4ec4cd819911232436c4210a,Jeans World,,48.69705437520817,9.40996745294864,Clothing Store
Wernau (N),50b0b57ee4b063e34273acca,Quadrium Wellness Hallenbad,,48.690046668260166,9.417665351691081,Hot Spring
Wendlingen (N),4c24e387905a0f47a1836060,Bahnhof Wendlingen (Neckar),Bahnhofstr. 15,48.67394121426732,9.374244560342552,Train Station
Wendlingen (N),5c59ba795a2c91002c98b20e,ZOB Wendlingen,,48.673264,9.374179,Bus Station
Wendlingen (N),591f2c5489e49063758827c1,Shell,Heinrich-Otto-Straße 2,48.67434819,9.37177623,Gas Station
Wendlingen (N),5d236217b55cb80023ea2d7c,"Behr Einrichtung GmbH, das Haus der guten Form",Bahnhofstr. 100,48.6744342,9.375605499999999,Hardware Store
Wendlingen (N),4d270d52f7a9224b1f87e79f,Behr GmbH & Co. KG,Mauserstr. 3,48.67400415637621,9.375404512003279,Office
Wendlingen (N),4da09443bcc4a0938fac13c9,Villa Behr Wendlingen,,48.674293568510066,9.376079584749894,Italian Restaurant
Wendlingen (N),4d8c7b5637535481d4f35156,Bäckerhaus Veit Wendlingen,Ulrichstraße 5,48.6724073560878,9.376501827765416,Bakery
Wendlingen (N),563ba617cd100faf0deff856,Bärenalm,,48.673643,9.376641,German Restaurant
Wendlingen (N),51d44931498e2527021ef058,REWE,Bahnhofstraße 76,48.67573896455623,9.376495627560644,Supermarket
Wendlingen (N),4fd3770ae4b003bf7a70a69b,Osteria Bonomi,,48.6744125822266,9.37609196988976,Trattoria/Osteria
Ötlingen,4d80af1d360b224ba62dde56,S Kirchheim (Teck)-Ötlingen,Uracher Str.,48.65859283028448,9.420034462525669,Light Rail Station
Ötlingen,4f8aa086e4b0089de9fcd93d,Hotel Gasthaus Rössle,,48.657580618552096,9.421207037246123,German Restaurant
Ötlingen,5300b145498e6780e86d3022,Eduard Mörike Halle,Zum Rübholz 1,48.65456771850586,9.415502548217773,Athletics & Sports
Ötlingen,571d24e2498e65ecace92a8a,Sportsgaststätte Rübholz,Rübholz 1,48.589882245106814,9.450854966864036,Taverna
Ötlingen,535e767011d2afb0d183c075,Ötlingen,,48.65817585105035,9.418186617609797,Housing Development
Ötlingen,4e634bf42271573ad7fc0368,Flugplatz Hahnweide,,48.63170356447834,9.431728843755394,Airport
Ötlingen,4c28822a97d00f471ae33fea,Shell,Kruichling 15,48.642180502418654,9.433172448519052,Gas Station
Ötlingen,4c5179ef9426c928a0e6d073,toom Baumarkt,Stuttgarter Straße 51,48.65031517679335,9.440235425051924,Hardware Store
Ötlingen,58f87839e96d0c5eae6efff3,"Volksbank Kirchheim-Nürtingen eG, Filiale Ötlingen",Stuttgarter Str. 181,48.65641,9.423549999999999,Bank
Ötlingen,5ed12e86bcd6af0008dfde10,Grünschnittsammelstelle,,48.655637,9.442578,Recycling Facility
Herrenberg,4c9a531580958cfa26f841d4,Bahnhof Herrenberg,Bahnhofstr. 14,48.59391209013689,8.863373009349562,Train Station
Herrenberg,4e54a00e483b764fba23dcd3,Postfiliale Herrenberg,,48.593822,8.862836,Paper / Office Supplies Store
Herrenberg,5006d1e8e4b0f0499dcd9a02,Packstation 101,Bahnhofstraße,48.5936164855957,8.86257266998291,Shipping Store
Herrenberg,4c0dd8af85e195217a5eeea5,Sehne Backwaren,Bahnhofstr. 17,48.593916,8.862798,Bakery
Herrenberg,5852bf3326a9532c16d75f7b,WLZ/BayWa,Nagolder Str. 15,48.59455719660358,8.862640857696533,Garden Center
Herrenberg,4c8210a447cc224b2641829f,Kaufland,Schießtäle 2,48.59502410270935,8.860773785772746,Big Box Store
Herrenberg,520bad1511d2c4998dde52a6,Walter Knoll AG & Co KG,Bahnhofstraße 25,48.59345259962436,8.862633973279976,Factory
Herrenberg,4c612814b36eb7131c74add2,UDG Herrenberg,Kalkofenstr. 51,48.59366639496754,8.860255967090403,Office
Herrenberg,5d122c8c4fa07300237ecaf9,Eckert,Bahnhofstr. 12,48.594051,8.86355,Miscellaneous Shop
Herrenberg,54ddda3a498ea09b8954d8d6,Augenzentrum Eckert,Bahnhofstraße 29,48.59273147583008,8.861032485961914,Eye Doctor
Ehningen,4c9cd0358afca093d4adf015,S Ehningen (b Böblingen),Bahnhofstr.14,48.66224047407081,8.943332433700562,Light Rail Station
Ehningen,4eab2bd7722efacf27ab7cdd,Billett,,48.66204317921259,8.943944369245608,Bar
Ehningen,4bea5b1bb3352d7f3e1b55d2,Alex Tattoo Studio,K1001 25,48.661409,8.943230509757996,Tattoo Parlor
Ehningen,4e2ae3a314955dbf7ad40109,Spanferkelbraterei Seidl,,48.66266633510662,8.944180074946221,Butcher
Ehningen,565dadcf38fa400826916e45,Verein der Gartenfreunde Ehningen,Hinteres Tal 1,48.66826,8.948660000000018,Non-Profit
Ehningen,4f631a64e4b02ac2c3ba0a0e,VR-Bank Ehningen-Nufringen eG,Königstraße 32,48.660066,8.94232,Bank
Ehningen,4d48584a847e6dcbdae89dc4,Pizzeria Atlantik,Koenigsbergerstr. 106,48.65542419220711,8.933093511200617,Italian Restaurant
Ehningen,508bbdbbe4b0f38c009b15f2,Tafel's Reifenecke,Altdorfer Weg 17,48.656798578761624,8.946713317669643,Automotive Shop
Ehningen,4dfef114483b8f033b425702,Lidl,Bühlallee 2,48.66151130850411,8.93981470896506,Supermarket
Ehningen,522c85c911d2e497a6e94a5b,Schlosskirche,,48.66203735058596,8.943147920493352,Church
Gärtringen,4bb309ba35f0c9b6c1f1bb83,S Gärtringen,Bahnhofstr.,48.64101622527925,8.908399351475845,Light Rail Station
Gärtringen,524db83c11d2920990b1d5da,Linie 1,,48.6411,8.909006,Bar
Gärtringen,4e1b496cfa762e6608dbc913,La Pineta,Stuttgarter Str. 1,48.64110289410438,8.908472581258675,Italian Restaurant
Gärtringen,4e5c999418a8a75fa2718252,Kühne und Nagel,,48.641226057585094,8.909437438647434,Building
Gärtringen,5f54b324f2961d1a56b8a351,Caspian Restaurant,Stuttgarter Str. 17,48.639484,8.908287,Persian Restaurant
Gärtringen,57e0e969498e5993fc674bc2,kühne + Nagel Gärtringen,,48.641225,8.911376,Storage Facility
Gärtringen,4cb459b47642952141e38767,PENNY,Grabenstr. 9,48.637382482327254,8.903303146362305,Supermarket
Gärtringen,5c01687e345cbe002c4a2196,H S Gärtringen,,48.640987,8.908671,Bus Stop
Gärtringen,50abcd4de4b007092710329a,TOTAL Tankstelle,Böblinger Str. 6,48.6388612077761,8.909970134518534,Gas Station
Gärtringen,504898c8e4b084ad4617eed6,Pyramide Gärtringen,,48.64113998413086,8.912365913391113,Building
Nufringen,504b3e07e4b03e711f12b983,S Nufringen,Bahnhofstr.,48.62040538895111,8.889577733251066,Light Rail Station
Nufringen,4e25cf567d8bd4fd782120f3,Rosi's Restaurant am Bahnhof,Breite Str. 15,48.62099260222288,8.888646636522882,Mediterranean Restaurant
Nufringen,4b6c4c4bf964a520be2e2ce3,Schwabenlandhalle,Im Wiesengrund 20,48.62015173,8.89168247,College Soccer Field
Nufringen,4e182b4e52b123a586d3d63a,Waldseilgarten Herrenberg,,48.61996437588524,8.889414170386674,Playground
Nufringen,5874544a44689a0b8d37e1f4,Krankengymnastik Speiser,Wolfgasse 4,48.62226848,8.88990636,Medical Center
Nufringen,56267d4e498e8589fa70d869,Access Tankstelle,Rohrauer Str. 38,48.62083149438513,8.895157175925565,Gas Station
Nufringen,5c0d5c7c67af3a002c1d81b0,CAP Markt Nufringen,Hauptstr. 30,48.6226421,8.891683100000002,Supermarket
Nufringen,55714193498edad396e5133e,Kunzi Fitness & Wellness Park,Rudolf-Diesel-Straße 31,48.62738600831434,8.893052204575307,Athletics & Sports
Nufringen,50b0de29e4b0dc886fb17524,Friedhof Nufringen,Kuhsteige,48.61964764033851,8.89765977859497,Cemetery
Nufringen,555f5902498e6e906652f509,Chocolatier Kugel,Hauptstr. 37,48.62315368652344,8.891636848449707,Candy Store
Rohr,4c6a7bd40e98a593cf062759,S Stuttgart-Rohr,Egelhaafstr. 22,48.71772444870152,9.108438491821289,Light Rail Station
Rohr,50ef01f2e4b06651060e58b6,Linie 36,,48.717487642493296,9.108208341622593,Bus Line
Rohr,4ed27c217ee5be844da57a0e,Pizza-Service Roma,Osterbronnstraße 1,48.718116,9.107962,Pizza Place
Rohr,510b73fff136c679cd67f7af,Apotheke Rohr,Schönbuchstraße 15,48.7175467,9.1064012,Pharmacy
Rohr,4e4ea889483bb7704904597f,Pizzaria La Aniello,,48.718293,9.108093,Mediterranean Restaurant
Rohr,4f9fcf68e4b098b12f9ae7e3,Eisenmann,Osterbronnstrasse 5,48.71832509563868,9.1075503455054,German Restaurant
Rohr,5268138911d23d6333f35dae,Rohr Mitte,,48.718615954761766,9.106384827759749,Bus Station
Rohr,5110ce50f136c90ac99dfb10,Dr. med Ingolf Türck - Internist,Schönbuchstraße 15,48.71746254145008,9.106303453445435,Doctor's Office
Rohr,4f0efa49e4b0c6e467936e11,Bonus,,48.716797,9.105949,Grocery Store
Rohr,51ac95402fc6fb480ca571c1,Flamingo Reinigung B.+D. Barth GbR,Schönbuchstraße 4,48.71826949455579,9.10616397857666,Laundry Service
Vaihingen,4e5a9de818a8c204751ba87b,S+U Stuttgart-Vaihingen,Am Bahnhof 1,48.72651280717079,9.11314247933718,Light Rail Station
Vaihingen,5b191f32364d97002c6c6915,die scharfe currywurst,,48.726553,9.113279,Sausage Shop
Vaihingen,553ad16e498ee0f835fe0a18,Tequila Bar Grande,Friedrichstr. 41,48.77936355658963,9.176939894220743,Bar
Vaihingen,4e20587c7d8b71715b9f30d4,Lotto am Vaihingen Bhf,,48.726618726092354,9.113667915149083,Lottery Retailer
Vaihingen,4fc23297e4b09ab6886bdf4f,Vaihingen Stadtpark,,48.72741511697629,9.112289722150427,Park
Vaihingen,5289f2d811d26ac4c1398360,Gäubahnbrücke,,48.72767682891282,9.114487803726819,Bridge
Vaihingen,5ab39f3195da0c29ca3de912,DB BahnPark Parkplatz Bahnhof Vaihingen P1,Bahnhof Vaihingen 1,48.72615708,9.11212516,Parking
Vaihingen,4b34fb6ff964a520832925e3,Pullman Hotel Stuttgart Fontana,"Vollmoellerstrasse 5, Vaihingen",48.72648692529071,9.111427550926237,Hotel
Vaihingen,4d29cf1df7a9224b95c301a0,REWE,Industriestr. 5,48.7256084667087,9.11516673661049,Supermarket
Vaihingen,4dac1f1c0437dccbd82baab6,Treiber Spezialitäten Bäckerei Konditorei,Industriestraße 1,48.72526440841593,9.1150976237077,Bakery
Universität,4b751a47f964a520fffd2de3,S Stuttgart Universität,Universitätsstr.,48.74465821861257,9.106078147888184,Light Rail Station
Universität,4b9a01f9f964a520d29a35e3,Universitätsbibliothek Stuttgart,Pfaffenwaldring 55,48.74573269531003,9.10456231859681,College Library
Universität,4b43ad6cf964a52012e625e3,Universität Stuttgart,Pfaffenwaldring 57,48.745715281223326,9.10467543065002,University
Universität,50551a29e4b0d505c31cf596,Universität,,48.74415365527138,9.10590479788308,Bus Station
Universität,4e4416ce52b18fcc799651ab,Universität Stuttgart - Informatikgebäude,Universitatsstr. 38,48.74515082350726,9.10666756023011,College Technology Building
Universität,577f8556cd100392a4e3ee22,Uni Stuttgart CampusBeach,Universitätsstraße 34,48.74537,9.10875,Beach
Universität,4fcf6880e4b065df8f3a3d9f,DHL Packstation 137,Pfaffenwaldring 55,48.74567321893596,9.105577391175945,Shipping Store
Universität,4cfcfaa5c671721e0e70cb18,Rechenzentrum Universität Stuttgart,Allmandring 30,48.7456460831466,9.1035422623284,College Administrative Building
Universität,4b6bd278f964a520a6192ce3,Cafeteria IWZ (Maschbau/ETI),Pfaffenwaldring 9,48.7463600991171,9.106227488169885,College Cafeteria
Universität,4fd1d901e4b0682c625bd1fb,Hörsaal 55.21,,48.74518163774373,9.105290988862297,College Auditorium
Österfeld,521c52d011d25b5b5d2a70f8,Österfeld P+R Parkhaus,,48.73802809692857,9.11610028741909,Parking
Österfeld,4b88d832f964a520161032e3,S Stuttgart Österfeld,Paradiesstr.,48.73838958576778,9.115583896636963,Light Rail Station
Österfeld,4f12ce23e4b03856f1bb940c,P+R Unterer Grund,Zusestr. 30,48.737596891714055,9.116621934797092,Parking
Österfeld,4f6e2041e4b0f375fa31ee22,Konfirmation,,48.73666085803285,9.117451467563663,Record Shop
Österfeld,4caca7d676d3a09346af336b,Brommerstrasse,Brommerstrasse 27,48.735178693117774,9.111354035669354,Unknown
Österfeld,5d49bb7f0e51c9000779ee35,"Regus - Stuttgart, STEP","Curiestraße 2, Österfeld",48.737836,9.112734,Business Service
Österfeld,4fa43eb8e4b0bbcd490ad00c,U Vaihingen Viadukt,Kaltentaler Abfahrt,48.73398632624439,9.119939273461814,Metro Station
Österfeld,510cd90be4b0be8b325ce310,REIFF Reifen und Autoservice,Chemnitzerstr.22,48.73826020285331,9.120477289853646,Automotive Shop
Österfeld,4cdad144a1bba35dd2fa90e5,TEQneers GmbH & Co. KG,Wankelstr. 14,48.73760271606617,9.110230573804984,Office
Österfeld,4bc09cf4abf495214e7bbf93,Wilhelmseck,,48.736435,9.110587500000001,Sports Bar
Schwabstraße,4e43b81a7d8bee2823939910,Lin's Wok,Rotebühlstr. 116,48.7702492387623,9.1568010101328,Asian Restaurant
Schwabstraße,4d26e7a7f7a9224b9d30e69f,REWE City,Schwabstr. 43,48.77080456086484,9.157550538251257,Supermarket
Schwabstraße,51639789e4b02d37e8fd49ec,Schwabenfilm,,48.77014793913463,9.15684243842314,Coworking Space
Schwabstraße,50c250a9e4b0e0fa33b1c195,Pizza Pasta Taxi,Gutenbergstraße 106,48.76974624022139,9.156698031420582,Pizza Place
Schwabstraße,5772a5da498e387fd0d4347a,Restaurant Achillion,Schwabstraße 75-77,48.77298466602638,9.15621668100357,Greek Restaurant
Schwabstraße,4c35b3e16f1fef3bb629ed3d,S Stuttgart Schwabstraße,Rotebühlstr.,48.77061719992521,9.158108181809625,Light Rail Station
Schwabstraße,4ec29fd0b8f7963bcef8954b,Polizeirevier,,48.771203,9.156938,Police Station
Schwabstraße,5a6c8f5da35dce4fc8df9bd1,Petras Futterlädle,Rotebühlstr. 145,48.76978,9.155535,Pet Store
Schwabstraße,5777cddb498e47abffbe9b83,Bodystreet Stuttgart Rotebühlstraße,Rotebühlstraße 118,48.77035332,9.15644971,Gym / Fitness Center
Schwabstraße,5317a4c9498ea6c6b511db4d,Rotebühlpraxis Dr. med. Markus Heinemann,Rotebühlstrasse 104,48.7708361,9.158166299999948,Doctor's Office
Stadtmitte,4c06a7928b4520a1ecbd8597,L’OASIS,Theodor-Heuss-Str. 21,48.77642748089625,9.173127117522,Cocktail Bar
Stadtmitte,4b8bf694f964a5200bb532e3,S Stuttgart Stadtmitte,Theodor-Heuss-Str.,48.77699887556917,9.174095109218912,Light Rail Station
Stadtmitte,51011e81e4b0106082d1ee83,Kiosk (Stadtmitte S-Bahn),,48.77497794532403,9.173311382312288,Convenience Store
Stadtmitte,57a9b6a2498eae087b1a8981,Mi Bao,Kronprinzstraße 24,48.775827,9.174047,Asian Restaurant
Stadtmitte,586e1b10de0cbc0b7f82383b,Theodor-Heuss-Passage,Büchsenstr.,48.777538950618094,9.173723799783241,Shopping Plaza
Stadtmitte,4c4b0f23bad7a593a09c52ab,U Rotebühlplatz (Stadtmitte),Rotebühlplatz,48.77459026671987,9.171908162729316,Metro Station
Stadtmitte,4d20e54f4c4f60fc0553e4dc,Club Barbee,Theodor-Heuss-Straße 24,48.77622703469259,9.172634877925756,Nightclub
Stadtmitte,5acc368ca8792140a3ca66fc,Blub,Rotebühlpl. 20D,48.7756,9.1728,Dessert Shop
Stadtmitte,4b4b568ef964a520f59726e3,Saturn,Königstr. 26,48.77928099504258,9.177860241733535,Electronics Store
Stadtmitte,5057641ae4b06692148185c3,henke Schulungen,Theodor Hauss 23,48.77602487058654,9.172828317602876,School
Neckarpark,4baa3f4bf964a52066573ae3,S Stuttgart Neckarpark,Alte Untertürkheimer Str. 75-81,48.7918460249419,9.241100876493093,Light Rail Station
Neckarpark,51fd3c5ee4b0b1de42b73bbd,Neckarpark - Gleis 1,,48.79225158691406,9.242227554321289,Metro Station
Neckarpark,5ce5a6ce8c812a002c697acc,SIXT Autovermietung Stuttgart/Hilton Garden Inn,"Mercedesstr. 75, Meet & Greet",48.7927006,9.2296725,Rental Car Location
Neckarpark,514cbc16e4b09c54214bc793,Agip Service Station,Augsburger Str. 231,48.79063812,9.24474979,Gas Station
Neckarpark,4b5206c0f964a5203f6227e3,Mercedes-Benz Arena,Mercedesstr. 87,48.79251742108274,9.231863021850586,Soccer Stadium
Neckarpark,523d9ddc11d20523c9e5b97e,Auktionshaus Yves Siebers GmbH,Augsburger Straße 221,48.79066574675338,9.242781069941032,Unknown
Neckarpark,4b1d7ff5f964a520591124e3,Mercedes-Benz Museum,Mercedesstr. 100,48.78816885088759,9.234137535095215,Museum
Neckarpark,4bc805012f94d13ad105137f,Werksärtzlicher Dienst Werk Ut.,,48.789266,9.248455,Unknown
Neckarpark,55929a57498ed517c484199b,Fischer Personalservice,Augsburger Straße 193,48.79373635,9.24251623,Business Service
Neckarpark,5288e4e711d2c9e8b6a1695f,Hot Pizza,20151227,48.791926437086495,9.244760863792791,Middle Eastern Restaurant
Untertürkheim,4bbaa72798c7ef3b02673302,S+U Stuttgart-Untertürkheim Bhf,Karl-Benz-Platz 15,48.779637012272545,9.250175744217236,Light Rail Station
Untertürkheim,4f7d91b2e4b0783d0162d2b2,Post Untertürkheim,,48.78009175700189,9.251323430699657,Miscellaneous Shop
Untertürkheim,4bdc483ec79cc928c7db85e9,Bistro Drehscheibe,,48.77963782602112,9.249938964843757,Bar
Untertürkheim,57b1e52a498eb6ebaf350361,Twenty|One,Arlbergstr. 31,48.7806,9.250644,Salon / Barbershop
Untertürkheim,4bc876f4dc55eee16179e8ac,Brita Hotel Stuttgart,Augsburger Str. 671,48.76261688668855,9.269397660062111,Hotel
Untertürkheim,4fad2ac1e4b068aefda27024,Café Amadeus,,48.76227419213704,9.269354211986538,Café
Untertürkheim,4cde885ddb1254813f3831ce,CAP Supermarkt,Augsburger Straße,48.78027790074858,9.251372566441788,Grocery Store
Untertürkheim,58d4c911158b966b15689c45,Blumen Kumfert,Arlbergstraße 30,48.780584,9.250411,Unknown
Untertürkheim,4ff7315ae4b0cdc6b83b5b68,storchenmarkt,Untertürkheim,48.77970688489922,9.251337485433277,Event Space
Untertürkheim,5528d46f498e45d296550a7c,Roth Buch & Papier,,48.780533389218505,9.251086205974646,Bookstore
Obertürkheim,4b87f1c2f964a52046d431e3,S Stuttgart-Obertürkheim,Obertürkheim,48.76215726075621,9.268034409181533,Light Rail Station
Obertürkheim,520b5be611d2df9577937107,In den Weinbergen,,48.76000086875261,9.275929094223478,Vineyard
Obertürkheim,4e5e284e636585be5b4e3589,die wegmeister gmbh,Bahnhof 4,48.7621273039636,9.268538342161838,Office
Obertürkheim,4ff2058ae4b097fe0aa4f6c4,Sauna gratis!,,48.765121,9.26789,Sauna / Steam Room
Obertürkheim,4fad2ac1e4b068aefda27024,Café Amadeus,,48.76227419213704,9.269354211986538,Café
Obertürkheim,5f480431171b647b4dac44b7,Viet Tasty,Augsburger Str 697,48.761357,9.270802,Vietnamese Restaurant
Obertürkheim,4df22f9bfa76abc3d8679f6e,CAP-Markt,Augsburger Str. 684,48.76288539999999,9.268924499999999,Supermarket
Obertürkheim,518892dc498e8372fc71c166,Bahnhof Bäckerei,Bahnhof 1,48.761542,9.268253,Bakery
Obertürkheim,5bc9b61718d43b003970d9fb,S'kebable,,48.76246,9.269109,Doner Restaurant
Obertürkheim,515eac7fe4b0ce8dce0b7472,Alberts Kebaphaus,,48.76230239868164,9.268497467041016,Fast Food Restaurant
Hauptbahnhof (oben),52f9bfc5498e4d3cb3be1072,LeCrobag-Gleis 12,Arnulf-Klett-Platz 2,48.78475192048965,9.18294756382733,Coffee Shop
Hauptbahnhof (oben),4f6a0a2ae4b035664ecc151c,Gleis 9/10,Stuttgart Hauptbahnhof,48.785603031308504,9.183716855604425,Platform
Hauptbahnhof (oben),4b29f103f964a52049a424e3,Stuttgart Hauptbahnhof,Arnulf-Klett-Platz 2,48.7854064836646,9.18332576751709,Train Station
Hauptbahnhof (oben),4e742ae3b61c22c6379c1446,Gleis 7/8,Stuttgart Hauptbahnhof,48.785339145511756,9.182928129937926,Platform
Hauptbahnhof (oben),4f9ab4a1e4b0b38d2e48a13a,Gleis 5/6,Stuttgart Hauptbahnhof,48.785660199007495,9.18293442121959,Platform
Hauptbahnhof (oben),51267efde4b08509972e1a57,Stuttgart20,Arnulf-Klett-Platz 2,48.78442997141828,9.183164561993555,Platform
Hauptbahnhof (oben),4c35ca30213c2d7f779a3a5d,Gleis 15/16,Stuttgart Hauptbahnhof,48.785509087180074,9.184474601305682,Platform
Hauptbahnhof (oben),4fb7d708e4b02cdeab1a80bb,Gleis 11/12,Arnulf-Klett-Platz,48.78479065688945,9.183170029432182,Platform
Hauptbahnhof (oben),5e0ae22f0eb0d70008cf6b9e,DB Service Store,,48.784782,9.182459,Convenience Store
Hauptbahnhof (oben),517420dfe4b0debe94fa3fb1,Kübler,Arnulf-Klett-Platz 2,48.783246758202786,9.18284596840546,Butcher
Hauptbahnhof (tief),4b54a53df964a52089c427e3,Steigenberger Graf Zeppelin,Arnulf-Klett-Platz 7,48.783448324951614,9.179710149765015,Hotel
Hauptbahnhof (tief),4dd3b783d4c05dc63ac8d5b6,Radiologie Stuttgart,lautenschlagerstraße 3,48.783112532478654,9.180126224874268,Doctor's Office
Hauptbahnhof (tief),4c696a9d35d3be9a28391f06,Galeria Karstadt Kaufhof,Königstr. 6,48.781879573834175,9.180996721284547,Department Store
Hauptbahnhof (tief),59107334e96d0c49bcf0a4a1,Q-Park Galeria Kaufhof Parkhaus,Königstr. 6,48.7822356,9.1804436,Parking
Hauptbahnhof (tief),4c4718c9c047be9ac6682f79,Block House,Arnulf-Klett-Platz 3,48.783301931640935,9.180495757087376,Steakhouse
Hauptbahnhof (tief),4ebab9ff61af8c1a07cae83e,Motel One Stuttgart-Hauptbahnhof,Lautenschlagerstr. 14,48.782071914338516,9.1790330349188,Hotel
Hauptbahnhof (tief),5df77db12d5b120007818197,DHL Sonderausgabestelle,Lautenschlagerstraße 3,48.78278,9.180004,Shipping Store
Hauptbahnhof (tief),55cf6ce2498e842e82393c0a,Conrad Electronic SE,Kronenstraße 7,48.7829973270106,9.179957314172242,Electronics Store
Hauptbahnhof (tief),4cc5cecf06c2548123c09e47,Zeppelino's,Arnulf-Klett-Platz 7,48.783370562559014,9.180021286010742,German Restaurant
Hauptbahnhof (tief),4b29f103f964a52049a424e3,Stuttgart Hauptbahnhof,Arnulf-Klett-Platz 2,48.7854064836646,9.18332576751709,Train Station
Feuerbach,4ccd3650c566199c14b1c88c,Bosch Feuerbach Ausbildungsgebäude,Kruppstraße 21,48.81398075678058,9.16893826035642,Office
Feuerbach,4b2692aff964a520bb7d24e3,S+U Stuttgart-Feuerbach,Wiener Platz 2,48.813548615964365,9.16858453794469,Light Rail Station
Feuerbach,54d3c069498e5149abb0a6fb,Feuerbach Bahnhof,,48.81360513007293,9.169442487147242,Light Rail Station
Feuerbach,4b633131f964a5207e692ae3,Maybachstraße,,48.81359819557766,9.168341884645905,Unknown
Feuerbach,4fbbb924e4b0d1b2bf9a7f72,China Wok Imbiss,Leobener Straße 38,48.81148036148746,9.16238600240557,Fast Food Restaurant
Feuerbach,4c666e80b80abe9a00f9cce5,baby1one,,48.813281,9.169656,Miscellaneous Shop
Feuerbach,4c9062c45fdf6dcb4c6c3091,Bosch-Zentrum am Feuerbach,Borsigstr. 14,48.816245059595815,9.171022302588769,Building
Feuerbach,5374dfb8498ecad094cec4a9,Bosch-Archiv,Wernerstrasse,48.81587358521567,9.166509024531308,Cultural Center
Feuerbach,500d27a7e4b0ba42c2df0d67,Ristorante Fratelli,Wiener Straße 2,48.81415428355474,9.166860084396685,Italian Restaurant
Feuerbach,536a5c31498e8df29210ab1d,Diamant,Mauserstraße,48.81698916444269,9.169324519898048,Boutique
Feuersee,4b7c381bf964a52039852fe3,Trollinger Steak- & Brauhaus,Rotebühlstr. 50,48.77291103735246,9.166157006498269,German Restaurant
Feuersee,4bd6f486cfa7b713a65628da,S Feuersee,Feuerseeplatz 14,48.77281816371097,9.166612252521759,Light Rail Station
Feuersee,515ed1c7e4b0374e5a000975,Johanneskirche,"Gutenbergstraße 11, Am Feuersee Stuttgart-West",48.77388917504264,9.164631506842142,Church
Feuersee,4c1cacedb4e62d7faf63db93,Feuersee,Feuerseeplatz,48.77284325029321,9.164947271347046,Lake
Feuersee,518f5289498e8a7186d95d2b,Feuerseeplatz,,48.77251232585292,9.16681894574135,Plaza
Feuersee,4c19e8bf834e2d7fbf122b80,Ernst Klett Verlag,Rotebühlstr. 77,48.77234146133988,9.167841176835006,Office
Feuersee,4e53869a22711d4da5bc6db2,Kebaphaus am Feuersee,Silberburgstr. 151,48.773437675854694,9.166995580024206,Kebab Restaurant
Feuersee,4e79c6571838221da8dfbbdb,Topfgucker,Rotebühlstrasse 67,48.77292627490712,9.166862672963717,Restaurant
Feuersee,4e2692e81520b50b9df69182,Bushaltestelle Feuersee,Silberburgstrasse 155,48.77285809223104,9.167348135119466,Bus Stop
Feuersee,4bbdbe5b8a4fb7135d463d9d,Kübler Metzgerei Restaurant,Rotebühlstr. 67,48.77300569688376,9.167064121338196,Butcher
Nordbahnhof,4b7c1730f964a5204f7c2fe3,S+U Nordbahnhof,Nordbahnhofstr.,48.8035537282186,9.18914109944726,Light Rail Station
Nordbahnhof,4e0d89adfa76d62f443f9616,Business Center Buelowbogen,Heilbronner Strasse 150,48.799712846754005,9.183217537584481,Building
Nordbahnhof,4da2f3c69aa4721e0105191a,Fichtner,,48.8052325581344,9.187632030232015,Building
Nordbahnhof,5915a86dbfc6d002461d4a0c,Fichtner IT Consulting,,48.805414,9.188371,IT Services
Nordbahnhof,4c46ddeb96abd13a14e06e01,Indian Palace,Steinstr. 11,48.77374815715783,9.176473784770836,Indian Restaurant
Nordbahnhof,4ff6e597e4b09036681a8bc6,Club 302,302 N Cooper Street,48.805169,9.187242,Strip Club
Nordbahnhof,4e2198ba45dd950bb0265037,Mädchenflohmarkt You & Me,,48.802687,9.186341,Flea Market
Nordbahnhof,4e64d5f262e13e3bcfa696c0,Nordbahnhof Wohnheim,,48.803238542999,9.188564672543539,Building
Nordbahnhof,5a97e2ea32b61d0899eb41f7,Spar-Markt,,48.805232,9.18913,Grocery Store
Nordbahnhof,4f744bfbe4b0f112e1312be3,Leibfriedscher Garten,Heilbronner Str.,48.80707102452815,9.1865873336792,Park
Bad Cannstatt,4b9087c4f964a520b88e33e3,Bahnhof Stuttgart-Bad Cannstatt (Bahnhof Stuttgart - Bad Cannstatt),Bahnhofstr. 30,48.80134460817034,9.21728253364563,Train Station
Bad Cannstatt,59781971135b397d593cb49b,Gleis 1,,48.801527,9.218268,Platform
Bad Cannstatt,4ee8d8acb8f756f1d182a2cb,Presse + Buch,Bahnhofstraße. 30,48.801376452096825,9.21720037917905,Bookstore
Bad Cannstatt,57c14b90498e5ecea50f1371,S3 Flughafen/Messe - Backnang,,48.801453436448604,9.21751320362091,Light Rail Station
Bad Cannstatt,59781a2525ecca46dc63e288,Gleis 2/3,,48.801889,9.215901,Platform
Bad Cannstatt,5b2538e7efa82a002c195f23,Spar Express,,48.801209,9.217181,Grocery Store
Bad Cannstatt,4e43e7047d8bee282396048a,Tsimpo,Frösner Str. 6,48.802200350839996,9.218206691576203,Cupcake Shop
Bad Cannstatt,5994349ebcbf7a456dbf39b4,Sparda-Bank Baden-Württemberg SB-Filiale Stuttgart Bad Cannstatt,Bahnhofstr. 30,48.8018303,9.2179047,Bank
Bad Cannstatt,4cc96388d063a1433a520db4,Pfiff,Bahnhofstr. 14,48.80260999999999,9.21702,Sports Bar
Bad Cannstatt,51acb702498eedc5121f68a4,Kieser Training,Bahnhofstraße 25-29,48.80322,9.217215,Gym / Fitness Center
Zuffenhausen,4ba51681f964a52067db38e3,S Stuttgart-Zuffenhausen,Am Bahnhof 1,48.83018634797281,9.167381495123683,Light Rail Station
Zuffenhausen,550294f4498ef79eaec9c62a,Siegel,,48.82938325890311,9.166151339577475,Bakery
Zuffenhausen,4bee7421ac3cef3b10b9f4f9,REWE,Burgunderstr. 28-32,48.830542,9.1680667,Supermarket
Zuffenhausen,52728f74498e0cd9aef7467f,"Gleis 11, S Zuffenhausen",,48.82941951277404,9.16594472073982,Platform
Zuffenhausen,52493d91498e1b7b839913eb,Coffee Jungle,,48.829610395373805,9.166674681378803,Café
Zuffenhausen,5165082de4b02fa85d132014,Metzgetei Dietz,Unterlaenderstrasse,48.82736869600706,9.170955304034278,Butcher
Zuffenhausen,4f905cc6e4b054d9882a519c,Netto Filiale,Hohewartstr. 4,48.8085008,9.1563949,Supermarket
Zuffenhausen,4edc5c1cb8f7fcd042a2c82b,H Ohmstraße,,48.82911080354893,9.165107980446319,Bus Stop
Zuffenhausen,52e4fb30498ed3a449396097,Metzingen Outlet City,,48.830393067226076,9.165807842439314,Outlet Store
Zuffenhausen,50b9cde3e4b01367271aa1d0,Busbahnhof Zuffenhausen,Burgunderstraße,48.829612725997556,9.168380496551618,Bus Station
Fellbach,4c3e1ecd6faac9b699c60d76,S Fellbach,Eisenbahnstr. 14,48.82018251427602,9.270637548457898,Light Rail Station
Fellbach,536dc3f7498efcd069405773,Bahnhof Fellbach,,48.819079420730446,9.268562383899882,Platform
Fellbach,56dee55a498ea7baaf48e426,H Fellbach Bahnhof,Bahnhof Fellbach,48.819811,9.270689,Bus Stop
Fellbach,4b91035af964a5200d9f33e3,SDK Krankenversicherung Lebensversicherung Allgemeine Versicherung a.G.,Raiffeisenplatz 5,48.820031889805634,9.270617949609148,Office
Fellbach,4ecff4fe30f81894adcc46d7,OK Pyro Base Of Noize,,48.81985293623248,9.270465519969752,Music Venue
Fellbach,596d408416fa0433dbe8347c,Amfora,Bahnhofstr. 151/1,48.81977,9.27180999999996,Miscellaneous Shop
Fellbach,5659f63c498e0aff3566e15d,Gebäudereinigung Fellbach Weigola Raumpflege,Bahnhofstr. 162,48.81948000000001,9.27243999999996,Miscellaneous Shop
Fellbach,593e43e016fa0435e411e6ca,TWERDY Leuchten e.K.,Schaflandstr. 6,48.8197412,9.266227599999999,Lighting Store
Fellbach,52494f2f498e6051b04e1251,Merdan Kebab Haus,Bahnhof Straße 139,48.81880341250276,9.272403079347756,Turkish Restaurant
Fellbach,535dfac5498e38afc2209904,Bäckerei Lang,,48.820050110291994,9.270398099620797,Bakery
Ditzingen,4bfaafcb5ec320a165018cd3,S Ditzingen,Stuttgarter Str. 39,48.8236494766614,9.067518711090088,Light Rail Station
Ditzingen,4c7544743adda14395c906af,Aral,Siemensstr. 21,48.82282052,9.06923566,Gas Station
Ditzingen,5102395fe4b0e1816085db9d,Eckert,Stuttgarter Str. 41,48.823744,9.065911,Miscellaneous Shop
Ditzingen,582212a910a3441704f54254,Lidl,Stuttgarter Str.,48.8239029299228,9.06481751826315,Supermarket
Ditzingen,5c17d8eeb6b04b002c0badcb,AOK Baden-Württemberg,Stuttgarter Str. 30,48.82429,9.067995,Miscellaneous Shop
Ditzingen,57e56e51498e715ce20558c1,Müller,Stuttgarter Str. 41,48.82378783,9.06436604,Drugstore
Ditzingen,56e41b7d498ef45e2e4f0029,HandWerk Physiotherapie,Kirchgartenstr. 5,48.825028670476215,9.069851947798906,Medical Center
Ditzingen,4d641b7b129d60fcefb705c2,Hotel Blankenburg,Gerlinger Strasse 27,48.82450765879725,9.068737609078198,Hotel
Ditzingen,5bd9ff6a772fbc002cc1fef3,Netto Filiale,Marktstr. 4,48.82693559,9.0665679,Supermarket
Ditzingen,5f7222343ae7ed64214c09a3,Subway,Stuttgarter Straße 39,48.823795821196,9.066910198508404,Sandwich Place
Echterdingen,4b5d7032f964a5200a5d29e3,S Echterdingen,Filderbahnstr.,48.69217778261374,9.169304987430076,Light Rail Station
Echterdingen,4ca5c91014c3370416dfb83b,P+R,,48.691907,9.170246,Parking
Echterdingen,52a4b90011d2ae60d6c8c769,Restaurant La Fuente,Filderbahnstrasse 18,48.69190391794081,9.169490944331374,Spanish Restaurant
Echterdingen,4d08936c00e6b1f708290ed7,Parkhotel Stuttgart Messe-Airport,Filderbahnstr. 2,48.691758375032535,9.168123367183068,Hotel
Echterdingen,53f5d4f2498e71a1e09975ad,Bäckerei & Konditorei Kettinger,,48.69194930850628,9.16795133483662,Bakery
Echterdingen,4c826cf5d34ca1432aa02b80,Lidl,Heilbronner Str. 2,48.6949023,9.1678392,Supermarket
Echterdingen,4e38421da809a0c63b3e3b39,Echt Echterdinger Brauhaus,Filderbahnstrasse 2,48.69161704741588,9.167524813437447,Brewery
Echterdingen,515d7d63e4b04b5bf6b78925,LeuTek,Stadionstr. 4-6,48.69242640674698,9.168072650409485,IT Services
Echterdingen,50056ac5e4b004dc66b1bc84,Extrawurst,Filderbahnstraße,48.692132532407136,9.168164638807546,Diner
Echterdingen,4b1ccba5f964a520cb0924e3,Stuttgart Manfred Rommel Airport (STR) (Stuttgart Airport Manfred Rommel),Flughafenstr. 32,48.69045046121195,9.19476270675659,Airport
Böblingen,4bceb1ebb6c49c7441929791,Bahnhof Böblingen,Bahnhofsplatz 1,48.6877960346716,9.004622553247547,Train Station
Böblingen,5a5cd0a265cdf82a550c5277,Gleis 2/3,,48.687914,9.004746,Platform
Böblingen,4cd978f051fc8cfa2279ef5d,Ibo Döner,,48.68782818317413,9.005106,Middle Eastern Restaurant
Böblingen,5278f980498e75c7e5888645,Hoons,,48.687849688078664,9.00479660904163,BBQ Joint
Böblingen,5bc5a2b21953f3002cf11685,Gleis 4/5,,48.687958,9.004919,Platform
Böblingen,4d88742876e1236a9663f042,Deutsche Post,Bahnhofstrasse 33,48.68743863271177,9.004773289285326,Post Office
Böblingen,4eb37d709a52ad1e3e18f773,Sehne,Bahnhofstr. 21,48.68773379291595,9.004971921212633,Bakery
Böblingen,542cfc37498ea4aad398acf9,Mercaden,Wolfgang-Brumme-Allee 27,48.68752633982034,9.00610469028005,Shopping Mall
Böblingen,577412d2498e4cc03f29d536,EDEKA Böblingen,Wolfgang-Brumme-Allee 27,48.6872601,9.005982699999999,Supermarket
Böblingen,573328d3498e94f5e0d99e41,ServiceStore DB - Bahnhof Böblingen,Talstr. 18,48.68788,9.00427,Smoke Shop
Hulb,4b630c86f964a520b95f2ae3,S Hulb,Dornierstr.,48.6793498863906,8.98211325173209,Light Rail Station
Hulb,592e5af58d0a5348049d94b2,Umlaut,Herrenberger Str. 130,48.67762217748464,8.979982820043308,Office
Hulb,4f4a8b82e4b0ef2847ffc05a,Hulb,,48.684784818696016,8.977098137213178,Other Great Outdoors
Hulb,4c482517972c0f47feef2521,Advantest Europe GmbH,Herrenberger Straße 130,48.67845727007912,8.98181307945501,Office
Hulb,4d91a3b2270e6ea8a46157ff,Philips Healthcare,Hewlett-Packard-Str. 2,48.6793683623879,8.985399028720877,Building
Hulb,58a7ecf7d70282617296be0f,Vodafone Shop,Otto-Lilienthal-Str. 24,48.68570342202704,8.984204388885473,Business Service
Hulb,5993779b3d479116acef7f92,real,Otto-Lilienthal-Str. 24,48.68577823,8.98378512,Liquor Store
Hulb,4c3ca022a97bbe9a36c3fadd,Work,,48.683641,8.974783,Unknown
Hulb,52f0b069498e200bd890c26a,Wir produzieren,,48.681296,8.974144,Tech Startup
Hulb,4c06394b191f20a1bd24e414,Aschenbecher,Hanns-Klemm-Str. 28,48.68191186611906,8.983461420303827,Unknown
Leonberg,4afb0dfcf964a520b01a22e3,S Leonberg,Bahnhofstr. 78,48.79944902562042,9.003790593336083,Light Rail Station
Leonberg,5b4ed200de3bbf002c7757fa,Parkhaus Leonberg Bahnhof,,48.799072,9.003843,Parking
Leonberg,5809fddc38fa66026d782434,H Törlensweg,,48.80026,9.01548,Bus Stop
Leonberg,50941e63e4b03857756832ed,Drehscheibe,,48.79973999379397,9.004241862500423,Pub
Leonberg,4b9bb84ef964a520b21d36e3,Sacher,Bahnhofstr. 82,48.79912613000669,9.003093438039944,Brewery
Leonberg,54d75943498e2621091ca29e,Kebap & Grill Point,,48.799653728651336,9.004458249294682,Food Truck
Leonberg,4c1389a9a5eb76b0cc09c0b7,OBI,Römerstr. 7-9,48.79827753110449,9.002391993999481,Hardware Store
Leonberg,510ff785e4b0ee6597e04561,dm-drogerie markt,Steinbeisstraße 1,48.79802710744227,9.004153454301786,Drugstore
Leonberg,54d492ad498e6e0a0a8be0fe,IMO Car Wash,Steinbeisstr. 3,48.79805027609952,9.003775030671136,Car Wash
Leonberg,4f74026ee4b0b3e236a9f03d,DB Casino,Arnulf-Klett-Platz 2,48.783391988800396,9.180834411827691,Corporate Cafeteria
Renningen,534abc94498ecb6c1f74a67f,Bahnhof Renningen,,48.775154024098455,8.932275490536803,Train Station
Renningen,4db42ef80cb6729b6a8e832d,S Renningen,Alte Bahnhofstr.,48.77517293083902,8.932753567647453,Light Rail Station
Renningen,553f2edf498e5c6fee836744,Leonberg Bahnhof,,48.77509,8.932512,Train Station
Renningen,547381b9498e6a8f6e04f375,Asia Wok China-Thai Imbiss,,48.774834558814895,8.932271713873588,Thai Restaurant
Renningen,5472f2d5498eba09b527c97a,Medusa Backshop,,48.774822302556096,8.933000429426677,Convenience Store
Renningen,4e6b6294d4c01ce017fa2e07,Freibad Renningen,Daimlerstr 23,48.77360566367573,8.93082000139888,Pool
Renningen,4f9981e8e4b0f97c7d007b8b,Hotel Zur Eisenbahn,Bahnhofstrasse 72,48.774529,8.933128,Hotel
Renningen,4d72a838f7c38cfa23dcaa3d,ALDI SÜD,Benzstraße 11,48.77753461912435,8.931583215783576,Supermarket
Renningen,4ded11cd45dd64cbbd13d1af,Netto Marken-Discount,Alte Bahnhofstraße 14,48.77438287,8.92899823,Supermarket
Renningen,4e785ba61f6ecf8d367c6cac,dm-drogerie markt,Benzstraße 7,48.77722809726856,8.932994989849021,Drugstore
Asperg,4cd24072ad4cef3b7b9c9b4b,S Asperg,Alleenstr. 1,48.90720897777896,9.147478228830531,Light Rail Station
Asperg,55e8509f498ed88517049a11,Apotheke Dr. Dorda Inhaber: Dipl. Pharm. Florian Dorda (MBA) e.K.,Bahnhofstraße 89,48.90766,9.146194,Pharmacy
Asperg,57a8ab7a498e0e2f4738fb66,P+R Asperg P2,Alleenstraße,48.905812666668375,9.147507548332214,Parking
Asperg,50017dc6e4b0ebdd72a5f81b,TattooHolic,,48.907158213696654,9.147792831901379,Tattoo Parlor
Asperg,5426d3db498e49927eb47022,simigo 3D Schwarzlicht-Indoor-Minigolf,Bahnhofstr. 95,48.9071239531463,9.146725371982056,Mini Golf
Asperg,4f7b3bcae4b0b5158692eb15,Zümrüt Kebap-Haus,Bahnhof 1,48.90747401186759,9.147190697721996,Middle Eastern Restaurant
Asperg,4c260fcd5c5ca593fc6145fe,EDEKA Asperg,Ruhrstr. 6,48.898923748565274,9.149712324142454,Supermarket
Asperg,50d19f60e4b00e31469ac8d4,Katz,Bahnhofstraße 100,48.90707814122816,9.146469533443451,Bakery
Asperg,5154399de4b0dfc99baa6ae1,Öztürk Simit Evi,Bahnhofstr.70,48.90697120995477,9.14939170770721,Bakery
Asperg,565207ba498e0883bcc20bc0,Porsche Museum,,48.90930098906867,9.144738780638457,Building
Ludwigsburg,4c0d64ffd64c0f4780a4265d,Bahnhof Ludwigsburg,Bahnhofstr. 1,48.8922645508574,9.185259819454858,Train Station
Ludwigsburg,52b1ea5c11d2313b27824dee,Packstation 128,Bahnhofstr. 1,48.89200707556895,9.185718297958374,Shipping Store
Ludwigsburg,526a715611d2da02e35e24a8,Gleis 1,Bahnhof Ludwigsburg,48.89243031371954,9.185262322425842,Platform
Ludwigsburg,4e2b44da14955dbf7ad90d80,Gleis 2/3,Bahnhof Ludwigsburg,48.892349193351556,9.185149669647217,Platform
Ludwigsburg,4b9a378ef964a52024a535e3,dm-drogerie markt,Bahnhofstraße 12,48.892372936937086,9.185711419689255,Drugstore
Ludwigsburg,4e72ee24c65bf4cd61d53b38,Sehne Bäckerei,Bahnhofstr. 12,48.89234142536368,9.18563642496773,Bakery
Ludwigsburg,4d590049296d54810dec53b1,YORMA'S,Bahnhofplatz 12-18,48.89237498205505,9.18596165174216,Food & Drink Shop
Ludwigsburg,4e65c5f7d164ddd5e72c0c30,Le Crobag,Bahnhofstr. 12d,48.89243626982891,9.185599516550802,Coffee Shop
Ludwigsburg,4de137d4d4c040523eb8773c,Netto Marken-Discount,Bahnhofstr. 12,48.8925696,9.1854313,Supermarket
Ludwigsburg,4c5dbdb66147be9a6ef49209,Kullman's Diner,Pflugfelder Str. 22,48.892060083974336,9.183635419845121,Diner
Favoritepark,4c34ec18213c2d7fcb50395d,S Favoritepark,Reutealle,48.909838180212255,9.180551623848086,Light Rail Station
Favoritepark,4de7679cd4c0086a9508ae93,Favoritepark,Bottwartalstr.,48.90872225824292,9.189012050628662,Park
Favoritepark,4e85ee9361af9a699f6c0ce8,PH Sportzentrum / Gebäude 3,,48.90935586,9.18105663541428,Gym Pool
Favoritepark,4bcdeb76937ca5939c92ad92,Sportcafé Markthalle,Martin-Luther-Straße 36,48.89432035059522,9.180405899352106,Sports Bar
Favoritepark,4ea90a094fc6c67fa3ad16a2,Parkplatz Favoritepark,Eduard-Spranger-Straße,48.91058727207699,9.180292720535059,Parking
Favoritepark,4ff2d7e5e4b0fbee96c0e7c6,Studentendorf Ludwigsburg,,48.91041210133826,9.180448786566947,College Residence Hall
Favoritepark,4e9fc051d3e3291fde0f28b5,Mensa,PH Ludwigsburg,48.90905345765788,9.18345617909799,College Cafeteria
Favoritepark,5d44fa97a4ace90007c4f5fe,Netto Filiale,Teinacher Str. 11,48.90287721,9.17485368,Supermarket
Favoritepark,4bd7daac0b779c749c0c06a0,Pädagogische Hochschule Ludwigsburg,Reutealle 46,48.90879277459701,9.182875156402588,University
Favoritepark,5804bffa38fa9273f88189e5,Aula Pädagogische Hochschule Ludwigsburg,,48.909261,9.18303,College Auditorium
Tamm,4b87f930f964a5202ad631e3,S Tamm (Württ),Bahnhofstr. 15,48.921738212221484,9.125336381732826,Light Rail Station
Tamm,4d8df2d9ca75b60c5921f3a8,EDEKA Tamm,Bissinger Str. 10,48.923129502550786,9.122439622879028,Supermarket
Tamm,5b01a5f34acb19002c5ab892,Pizzeria Veneto,Im Länderrain 1-3,48.92091,9.125978,Pizza Place
Tamm,59be48eabcbf7a6bb62ae7ad,RomaRio,,48.920857,9.126129,Brazilian Restaurant
Tamm,4e510f851495fc2ca4151263,Spielplatz,Lisztstr.,48.921724796401456,9.125188985219024,Playground
Tamm,4f3e1f64e4b0fd869cb3fa0b,Shell,Bahnhofstr. 26,48.92076170443191,9.126786713183629,Gas Station
Tamm,510ba36ee4b0428ec9c65760,Döner,,48.92156982421875,9.12539005279541,Middle Eastern Restaurant
Tamm,4ecf92bc722e01c5814d6e54,Rathausplatz Tamm,,48.92189923211923,9.122658630754463,Plaza
Tamm,587a3b4516f0004ec8212af5,H Tamm Bf,Bahnhofstr.,48.92172305088341,9.124858975410461,Bus Stop
Tamm,5857fa3376f2ca378fe42225,Bus 536,,48.92161573518639,9.124993085861206,Bus Line
Burgstall (M),511ac865a629ec8f68cf39dd,S Burgstall (Murr),Bahnhofstr. 1,48.9286164697884,9.369544664318546,Light Rail Station
Burgstall (M),51e4806d498e62dee4b0d6f0,Jägerstüble,,48.92409896850586,9.323158264160156,Dive Bar
Burgstall (M),538e0dc1498ef7fef4331320,Netto Filiale,Winnender Str. 52,48.920857,9.3289682,Supermarket
Burgstall (M),57026c0f498ea5d5f6fdc269,Luburg VOR-DME 109.20 MHz,,48.913117,9.34021,Airport Service
Burgstall (M),5096887ce4b0f17ed634c84e,Affalterbach,,48.923678023966865,9.334185671303171,Field
Burgstall (M),4f61b42de4b02da1e09579af,HWA,,48.916297359701716,9.326011961558326,Factory
Burgstall (M),4b541240f964a5207fb127e3,Mercedes-AMG GmbH,Daimlerstr. 1,48.919014241640006,9.325815667474453,Office
Burgstall (M),4e04fb1b62e1e659a8a64183,7 Eichen,Lembergweg 67,48.917213431039464,9.308844354700526,Beer Garden
Burgstall (M),4e1da1f114955b99c4184af6,S Kirchberg (Murr),Bahnhofstr. 94,48.939063301428995,9.329227209091187,Light Rail Station
Burgstall (M),4e5bb828ae6099fc00e4e992,S Maubach,Kärtner Str. 14,48.92616065872277,9.419636043429769,Light Rail Station
Kirchberg (M),4e1da1f114955b99c4184af6,S Kirchberg (Murr),Bahnhofstr. 94,48.939063301428995,9.329227209091187,Light Rail Station
Kirchberg (M),50163061e4b06bc0be985246,AdiKannNichtAutoFahren,,48.909922,9.339835,Moving Target
Kirchberg (M),4f6f1d4de4b0e0075c16b67a,Lembergstiible Restaurant,,48.920032,9.310623,German Restaurant
Kirchberg (M),51e4806d498e62dee4b0d6f0,Jägerstüble,,48.92409896850586,9.323158264160156,Dive Bar
Kirchberg (M),510e5a54e4b00568339f8ffb,Wasserberg,,48.939920509330015,9.276650322669086,Mountain
Kirchberg (M),538e0dc1498ef7fef4331320,Netto Filiale,Winnender Str. 52,48.920857,9.3289682,Supermarket
Kirchberg (M),511ac865a629ec8f68cf39dd,S Burgstall (Murr),Bahnhofstr. 1,48.9286164697884,9.369544664318546,Light Rail Station
Kirchberg (M),5096887ce4b0f17ed634c84e,Affalterbach,,48.923678023966865,9.334185671303171,Field
Kirchberg (M),57026c0f498ea5d5f6fdc269,Luburg VOR-DME 109.20 MHz,,48.913117,9.34021,Airport Service
Kirchberg (M),4f61b42de4b02da1e09579af,HWA,,48.916297359701716,9.326011961558326,Factory
Marbach (N),4c35b4666f1fef3bdd29ed3d,S Marbach (Neckar),Bahnhofstr. 13,48.943354391691265,9.264393189602345,Light Rail Station
Marbach (N),4d39a9be039eb60c4ef4e39c,Kaufland,Rielingshäuser Str. 15,48.94273088976246,9.26395850685237,Big Box Store
Marbach (N),5af4a851e7a23700315282d7,Royal Grillhaus Pizza Döner Bistro,,48.943188,9.263723,Doner Restaurant
Marbach (N),4f0bec2fe4b0cdfb023e442b,Bäckerei Lang,"Rielingshäuser Straße 1, 71672 Marbach am Neckar",48.94310847487397,9.264528662662793,Bakery
Marbach (N),5a018928cad1b6437f87c00b,Fressnapf Marbach,Rielingshäuser Str. 11,48.9427709,9.2657733,Pet Store
Marbach (N),4c94c60494a0236a74668f12,Schillers Geburtshaus,Niklastorstr. 3,48.94165238697097,9.258969172512014,Historic Site
Marbach (N),4e80b39e77c8d359a8fb8c02,Mildenberger,Rielingshäuser Str.,48.94231732760301,9.266432126644617,Bakery
Marbach (N),4f64d51fe4b02cbb7f644ba6,Videothek Marbach,,48.94311961625048,9.265989404637757,General Entertainment
Marbach (N),5850c7fa01f4332e0ca5606d,Müller,Wildermuthstr. 5,48.9398038,9.259762,Unknown
Marbach (N),50706cffe4b02bfe659a1d5a,LABAG Raiffeisen Tank-Backshop,,48.94263458251953,9.262736320495605,Gas Station
Backnang,4cea4bcb9f776ea802016822,Bahnhof Backnang,Bahnhofstr. 1,48.94286872939564,9.426119327545166,Train Station
Backnang,52a2d54111d2fc3acc017a07,Bäckerei Übele Stehcafé und Bistro im Bahnhof,,48.942862480215915,9.425886669772893,Bakery
Backnang,4e6b8e5e227162c38eeb5b8c,Backnanger Stuben,Bahnhofstraße,48.942956439395516,9.426374097058844,Restaurant
Backnang,5299b5d1498e225a3946825d,DB Reisezentrum,,48.94300079345703,9.426316261291504,Travel Agency
Backnang,56d3e8a7cd1004ac36adef3a,Windmüller GmbH Betten- u.Wäschehaus,Gerberstr. 8,48.94576900000001,9.4265932,Unknown
Backnang,5d50383cd094ca0008580de0,TEDi,Marktstr. 16,48.94736225778791,9.430506682209057,Construction & Landscaping
Backnang,536b6ebd498e2bbdee58552d,Wollstube,Marktstr. 28,48.94622802734375,9.429963111877441,Knitting Store
Backnang,4bab46b7f964a520309d3ae3,Tesat-Spacecom,Gerberstraße 49,48.94418417864625,9.42642896273821,Conference Room
Backnang,550ee036498efe6c67f47fb5,Karl-Euerle-Halle,Jahnstr. 15,48.941571,9.428098,Athletics & Sports
Backnang,4fa2e7d07bebfa623525ede0,Techniker Krankenkasse,Blumenstr. 22,48.94282,9.43557,Office
Maubach,4e5bb828ae6099fc00e4e992,S Maubach,Kärtner Str. 14,48.92616065872277,9.419636043429769,Light Rail Station
Maubach,52dfdeac11d2c4443fde871c,WIRmachenDRUCK GmbH,Mühlbachstraße 7,48.9176206359436,9.426543116569519,Miscellaneous Shop
Maubach,4d89033a6daeb60ce19346e0,Pizzeria Ristorante Da' Toni,Bozener Str. 3,48.92363425189879,9.43075954914093,Italian Restaurant
Maubach,56d3e8a7cd1004ac36adef3a,Windmüller GmbH Betten- u.Wäschehaus,Gerberstr. 8,48.94576900000001,9.4265932,Unknown
Maubach,4cea4bcb9f776ea802016822,Bahnhof Backnang,Bahnhofstr. 1,48.94286872939564,9.426119327545166,Train Station
Maubach,5236c945498e2893fb059e5b,Pahlke,Kuchengrund 21,48.9291,9.447433,Hardware Store
Maubach,5249d9f5bce693016a13d22a,Kosmetik-Institut M. Griesser & M. Henne,Marktstrasse 34,48.94610311504129,9.430947303771973,Cosmetics Shop
Maubach,5056caebd86c7f5f973a470a,Ericsson Backnang,Gerberstrasse 33.,48.944751258888736,9.428155842304593,Office
Maubach,53de09a6498e2c1488c89346,Eckert,Obere Bahnhofstr. 1,48.94289,9.42601,Miscellaneous Shop
Maubach,5299b5d1498e225a3946825d,DB Reisezentrum,,48.94300079345703,9.426316261291504,Travel Agency
Korntal,4e1423af7d8b4c0d630bcc80,Bahnhof Korntal,Bahnhofplatz 1,48.826468241886865,9.12133174466413,Train Station
Korntal,5c43889ab9b37b002c07682d,Cataleya,,48.826763,9.120969,Hookah Bar
Korntal,5006c695f31cfa762bf8ff82,Bäckerei Katz,Bahnhofplatz 1,48.82669381242915,9.12138819694519,Bakery
Korntal,4d6606611658721e8491c304,S-Bahn Ständle,Nordbahnhofstraße 171,48.826516,9.121004,Convenience Store
Korntal,4d5a24ec1d4a8cfa55d394ed,Korntaler Hof,,48.82687087,9.12102881,Restaurant
Korntal,4d5cd0f59c31b60c9901b9ee,Bäckerei Katz am Bahnhof Korntal,,48.82687087,9.12102881,Bakery
Korntal,4d4ad2457d36f04d907f1fe5,Salon Hiebenthal,,48.826975,9.120946,Cosmetics Shop
Korntal,5c5a94cc625a66002c548f7a,Müller,Johannes-Daur-Str. 4,48.83087,9.12116,Pharmacy
Korntal,5b1a7bad4febd5002c09cec4,Adecco Personaldienstleistungen,Talstraße 6,48.8306229,9.12991122,Recruiting Agency
Korntal,4d6605bc48ee6ea8e2126168,Dr. Susanne Ahlers,,48.82676844545402,9.120824294102594,Doctor's Office
Waiblingen,4be956d6ee96c928640affbf,Bahnhof Waiblingen,Neuer Bahnhof,48.82624787057565,9.30068787733495,Train Station
Waiblingen,50ff7e7fe4b053217e8fa4dc,Waiblingen Bahnhof Gleis5,,48.82584845511536,9.299467974007229,Platform
Waiblingen,50feb3bee4b01725cdc24c7b,Busbahnhof Waiblingen,,48.826252593194276,9.300687424272713,Bus Station
Waiblingen,5e10ba8aa7398e00088bbada,"Praxis Für Coaching und Lerntherapie, Florian Fallier",Bahnhof 1,48.826439,9.30077,Office
Waiblingen,5970c41035811b1c180e6575,Bahnhof Waiblingen Gleis 6,,48.825989,9.302279,Platform
Waiblingen,4fd745ace4b01ce018b0a266,pre.go Presse & Tabak Shop,,48.82627453513608,9.300770929804031,Newsstand
Waiblingen,54f96886498eab354bc74908,Bäckerei Lang,,48.82643508911133,9.30075740814209,Bakery
Waiblingen,4d7e42a095c1a143e7dfcdf2,Briefzentrum Waiblingen,,48.823702889694715,9.298037824719485,Office
Waiblingen,573f3338498ee6b4bba31df2,DB Reisezentrum,,48.826412,9.300787,Travel Agency
Waiblingen,5110ed41e4b0eace4122b049,Pasa Kebap,,48.82635976068017,9.301630061560543,Turkish Restaurant
Winnenden,4b9898bdf964a520374835e3,S Winnenden,Bahnhofstr. 4,48.8792447628149,9.392355680465698,Light Rail Station
Winnenden,4d120f6c80f6721e7cdc14eb,Kärcher Museum,,48.87956136283806,9.39259470850535,History Museum
Winnenden,50657c1fe4b0a396bab25a2f,City Kebap & Pizza,,48.87910171671964,9.393387819067534,Snack Place
Winnenden,50ff04dbe4b0548e5e2e3910,Feuerwehrmuseum Winnenden,Karl-Krämer-Str. 2,48.87917591307264,9.391945638166044,Museum
Winnenden,4c407f324a3e03bb48f56d0e,o2 Partner Shop Winnenden,Marktstr. 23,48.87687568068954,9.397304534213617,Mobile Phone Shop
Winnenden,56ce2540cd10a75191c46286,Telekom Shop,Marktstr. 8,48.876765469823894,9.396973103284836,Mobile Phone Shop
Winnenden,4e6f59c1aeb74b057537c1f5,Kastenschule,,48.877551,9.395342,School
Winnenden,5222097811d29d7002fb9e56,Pinar Kebap,,48.87822,9.392875,Fast Food Restaurant
Winnenden,4bfffe9e369476b039aa8e1f,Deichmann,Marbacher Straße 8 – 10,48.88028299,9.391626763,Shoe Store
Winnenden,5dfba7f7300d150008db9d4a,TOTAL,Marbacher Str.,48.88257141,9.38690775,Gas Station
Rommelshausen,4b992fd7f964a520046835e3,S Rommelshausen,Nelkenstr. 53,48.81555074808494,9.319090863518385,Light Rail Station
Rommelshausen,5a247c6af193c026babd1c7d,ELEMENTS Waiblingen,Eisentalstr. 40,48.8216657,9.3271176,Hardware Store
Rommelshausen,5ad0da44b9ac3842c165cd2a,Amplifon Hörgeräte Kernen-Rommelshausen,"Pfarrstraße 3, Rommelshausen",48.8065861,9.3191505,Medical Supply Store
Rommelshausen,4f27f99ae4b04d36e1518e49,Pub Satt,,48.815260542443184,9.31902220151201,Diner
Rommelshausen,4c3f839cce54e21efa28081a,Aral,Alte Bundesstr. 25,48.82468452,9.320089,Gas Station
Rommelshausen,511a6ab4759629b50618902e,Autohaus Staiger - Filiale Waiblingen,Schüttelgrabenring 2,48.82241584,9.31823096,Auto Dealership
Rommelshausen,4c06b0efb4aa0f47d9816462,Lorinser,Alte Bundesstraße 51,48.821893,9.314992,Gas Station
Rommelshausen,4e40de95483b72d779dac31c,EDEKA Schieber,Karlstr. 10,48.80836845,9.3197609,Supermarket
Rommelshausen,4dfa221214959516a963e405,Agip Service Station,Karlstraße 60,48.80846993,9.32759079,Gas Station
Rommelshausen,5502a0ef498eb64a1202f4a3,ALDI SÜD,Karlstraße 59,48.809343853330844,9.32657020920999,Supermarket
Schorndorf,4ee7880aaa1f9a429dfba6f8,Bahnhof Schorndorf,Rosenstr. 2,48.80694654505808,9.526077050388794,Train Station
Schorndorf,568e6bc9498e82c0172ec30e,S Weiler/Rems,,48.806816739607555,9.526219308417726,Light Rail Station
Schorndorf,4e887a8d9adf19a54a9130bc,Presse + buch,,48.80692347568434,9.526262189069303,Bookstore
Schorndorf,5595423d498eb098381dbdf9,SEYBOLD - Agentur für Sichtbarkeit,Theodor-Körner-Str. 7,48.80591613227733,9.535138644180291,Advertising Agency
Schorndorf,4f0aa6d0e4b0266570733ba9,Grafenbergschule Schorndorf,Grabenstraße,48.807529626990856,9.525144093160586,General College & University
Schorndorf,4f0c268ce4b0e4e35bd40a42,McDonald's,Bahnhofstr. 2,48.80681786739271,9.527221771913306,Fast Food Restaurant
Schorndorf,5339104b498e7117b715e9f1,Bäckerei Wiedmaier,,48.80663299560547,9.526103973388672,Bakery
Schorndorf,5d503441bdb79a00089c8f91,TEDi,Gottlieb-Daimler-Str. 2,48.80531276991179,9.526798434358625,Construction & Landscaping
Schorndorf,4e53bbeabd415b8727b8c506,Telekom Shop,Oberer Marktplatz 2,48.8050167,9.5272063,Mobile Phone Shop
Schorndorf,4c407f2c4a3e03bb29f56d0e,o2 Partner Shop Schorndorf,Mittlere Uferstr. 5,48.80688819209367,9.517593383789062,Mobile Phone Shop
Endersbach,517fa156e4b08c34af46f9ef,ESSO Palmer,Schorndorfer Str. 10,48.81423418598475,9.36947847741529,Gas Station
Endersbach,4c64e205f67ec9281f4f5627,S Endersbach,Bahnhofstr. 21,48.81323152287862,9.370235233005248,Light Rail Station
Endersbach,4c47ba51c047be9aeaad3179,Esso,,48.81417428901835,9.369503032875725,Gas Station
Endersbach,4fac8f81e4b0d8a3db67bb67,pre.go Presse und BackShop,,48.813251,9.370222,Newsstand
Endersbach,4c250815905a0f47b8ca6060,Pizza Pavone,,48.814183,9.372391,Unknown
Endersbach,4c66a8b08e9120a1c66ed864,Alphatecc. Weinstadt,Kalkofenstr. 8,48.8144595,9.3601004,Hardware Store
Endersbach,4d87259b509137043185b95b,ALDI SÜD,Großheppacher Straße 60/1,48.8130019,9.3768632,Supermarket
Endersbach,4c8b7e753dc2a1cd2389b632,Lidl,Großheppacher Str. 70,48.8140685,9.377369,Supermarket
Endersbach,51e15c95498e52c6260c6700,REWE,Daimlerstr. 9,48.811349069035906,9.383246898651123,Liquor Store
Endersbach,4e74d71445ddd4323f75fc37,Globus Baumarkt Weinstadt,Kalkofenstr. 14,48.81426,9.35895,Hardware Store
Esslingen (N),4b9e7978f964a52011e736e3,Bahnhof Esslingen (Neckar),Bahnhofsplatz 1,48.73903114851197,9.301244310531128,Train Station
Esslingen (N),4dd7bc0cd4c05d5096f01b93,Esslingen ZOB,Berliner Straße 2,48.73904678396304,9.301285419905605,Bus Station
Esslingen (N),53556148498ebc0e7e2b7ac7,Bahnhof Esslingen Gleis 7/8,,48.739803862074034,9.299394231378116,Platform
Esslingen (N),5289194611d2e7a5e0e750bd,Gleis 5/6,Bahnhofsplatz 1,48.73862075805664,9.300141334533691,Platform
Esslingen (N),5093c267e4b087ea42a66819,Neckar,,48.73795089370361,9.299840927124023,River
Esslingen (N),50797200e4b03d49e483a774,Coconino,,48.73962172776394,9.301883511493143,Toy / Game Store
Esslingen (N),533a57e4498e28d8e723571d,bäckerei zoller,,48.7388138631908,9.299890217599785,Bakery
Esslingen (N),4c1a6f2155e4c9b618be4723,Burger King,Bahnhofplatz,48.73860573679583,9.30073934734331,Fast Food Restaurant
Esslingen (N),4b38c8aaf964a520585025e3,DAS ES! Shopping Mall,Berliner Straße 2,48.73977184240687,9.301438962138487,Shopping Mall
Esslingen (N),4d8232f36282721e16aaed4d,H&M,Bahnhofstraße 2,48.73965273161173,9.302330390402947,Clothing Store
Plochingen,4b6b0cebf964a52059ef2be3,Bahnhof Plochingen,Am Bahnhof 1,48.71287805923928,9.412095708114501,Train Station
Plochingen,535567f8498efe38f71b401d,Bahnhof Plochingen Gleis 3/4,,48.71235384419561,9.412736910552557,Platform
Plochingen,59a573b1c0cacb1b13e113a1,Sparda-Bank Baden-Württemberg SB-Filiale Plochingen,Bahnhof,48.71318425137193,9.4118958343239,ATM
Plochingen,5d8cfb9f529c5c0007fc89be,Eckert,"Bahnhofstr.1, Im Hauptbahnhof",48.7132935,9.4117365,Miscellaneous Shop
Plochingen,5ab39d742c7eb920d02f1615,DB BahnPark Parkhaus Bahnhof P1,Eisenbahnstr.,48.713849,9.411712,Parking
Plochingen,5bbbfdbcf2554e002c5f63b1,Shell,Esslinger Str. 57,48.71572681,9.41375675,Gas Station
Plochingen,51d2899150194050e33af2ae,Autohaus Kuhn GmbH,Karlstrasse 29,48.715584556247734,9.414446353912354,Auto Dealership
Plochingen,4f313c59e4b09fde5dcb6d73,Bäckerei Sehne,,48.71380401648864,9.411489785965534,Bakery
Plochingen,4d0f90199302a35d81d2756e,Deutsche Bank,,48.71303745832096,9.411500575263377,Bank
Plochingen,4eab37ed2c5b5d71e7232133,Club Lion,,48.71260474287768,9.411706574807173,Bar
